"payload_id","relative_path","title","publisher","edition_date","language","audience","canonical_url","acquisition_url","media_type","page_count","byte_size","sha256","upstream_digest_algorithm","upstream_digest","upstream_digest_url","rights_statement","rights_url","rights_review_state","redistribution_scope","safety_class","release_status","operational_use","format_check","open_test_state","retrieved_at_utc","notes"
"appropedia-en-2026-02","candidate/knowledge/appropedia_en_all_maxi_2026-02.zim","Appropedia English all maxi offline snapshot","Kiwix and Appropedia community","2026-02","en","General reference users; content-level expertise varies","https://download.kiwix.org/zim/other/appropedia_en_all_maxi_2026-02.zim","https://download.kiwix.org/zim/other/appropedia_en_all_maxi_2026-02.zim","application/x-zim","","581641351","dcf200ba723c27397e1c9a2e4891ff91fa13993df1fa285315190d8525a53469","sha256","dcf200ba723c27397e1c9a2e4891ff91fa13993df1fa285315190d8525a53469","https://download.kiwix.org/zim/other/appropedia_en_all_maxi_2026-02.zim.meta4","Appropedia documentation defaults to CC BY-SA 4.0 but embedded and externally sourced material can have exceptions","https://www.appropedia.org/Appropedia:Intellectual_property/Documentation_licenses","PARTIAL_REVIEW_DEFAULT_CC_BY_SA_WITH_EXCEPTIONS","CANDIDATE_LOCAL_COPY_ONLY","UNREVIEWED_MIXED_KNOWLEDGE","CANDIDATE_REFERENCE_NOT_OPERATIONAL","UNREVIEWED_ENCYCLOPEDIC_REFERENCE_NOT_OPERATIONAL","ZIM_MAGIC_5a494d04_SIZE_PASS","ZIM_HEADER_AND_UPSTREAM_SHA256_PASS;NOT_TESTED_IN_KIWIX","2026-09-03T23:59:31Z","Upstream meta4 size and SHA-256 matched; no article-level safety or rights review"
"erc-first-aid-2025","private-licensed/medical/erc-guidelines-2025-first-aid.pdf","European Resuscitation Council Guidelines 2025: First Aid","European Resuscitation Council; Resuscitation","2025","en","Trained first-aid providers and guideline implementers","https://www.erc.edu/science-research/guidelines/guidelines-2025/","https://www.erc.edu/media/i2vllpae/gl2025-12-faid-e.pdf","application/pdf","29","3642019","e9e10da044bfc9f8e2d423e7b7e0557ee091040db04168d378959e0a1f0547cc","","","","Download availability is not treated as a redistribution licence","","NOT_REVIEWED_FOR_REDISTRIBUTION","PRIVATE_PERSONAL_ARCHIVE_ONLY","TRAINED_FIRST_AID_REFERENCE","PRIVATE_PERSONAL_COPY_REFERENCE","TRAINING_REFERENCE_ONLY_NOT_LAY_ACTION_CARD","PDFINFO_PASS_pages=29_version=1.7_encrypted=no","PDFINFO_PASS;VISUAL_FIRST_PAGE_PASS","2026-09-03T23:59:31Z","Do not publish from this kit until the article and ERC redistribution terms are documented"
"ifrc-first-aid-2025","private-licensed/medical/ifrc-international-first-aid-guidelines-2025.pdf","International First Aid Resuscitation and Education Guidelines 2025","International Federation of Red Cross and Red Crescent Societies","2025","en","First-aid programme designers educators and trainers","https://www.ifrc.org/document/international-first-aid-resuscitation-and-education-guidelines-2025","https://www.ifrc.org/sites/default/files/2026-03/IFRC%20International%20First%20Aid%2C%20Resuscitation%20and%20Education%20Guidelines%202025.pdf","application/pdf","594","6261070","eed67bdff38ca8a7628c7b01be5bcd23796601e0d85bb021dc301ec3f9ff8f1f","","","","PDF permits non-commercial copying with source acknowledgement; photographs can carry separate copyright","https://www.ifrc.org/sites/default/files/2026-03/IFRC%20International%20First%20Aid%2C%20Resuscitation%20and%20Education%20Guidelines%202025.pdf","PARTIAL_REVIEW_NONCOMMERCIAL_COPYING_NOTICE","PRIVATE_PERSONAL_ARCHIVE_ONLY","TRAINER_FIRST_AID_REFERENCE","PRIVATE_PERSONAL_COPY_REFERENCE","TRAINER_REFERENCE_ONLY_NOT_LAY_ACTION_CARD","PDFINFO_PASS_pages=594_version=1.4_encrypted=no","PDFINFO_PASS;VISUAL_FIRST_PAGE_PASS","2026-09-03T23:59:31Z","Kept private pending a full image and downstream redistribution audit"
"anepec-earthquake-2018-pt","private-licensed/portugal/anepec-sismos-prepare-se-e-proteja-se-pt.pdf","Sismos: Prepare-se e Proteja-se","Autoridade Nacional de Emergência e Proteção Civil and Associação Portuguesa de Seguradores","2018-11-01","pt-PT","Public in Portugal","https://prociv.gov.pt/pt/documentacao/sismos-prepare-se-e-proteja-se/","https://prociv.gov.pt/media/ovjbpe1c/sismos-prepare-se-e-proteja-se.pdf?download=1","application/pdf","5","186544","40deba2269efc67dc6205ab5c09d8f92afaa12289ed39d368092caad22cdcb5f","","","","Official public preparedness leaflet; redistribution terms not established in this audit","","NOT_REVIEWED_FOR_REDISTRIBUTION","PRIVATE_PERSONAL_ARCHIVE_ONLY","PORTUGAL_PUBLIC_PREPAREDNESS","PRIVATE_PERSONAL_COPY_REFERENCE","PUBLIC_PREPAREDNESS_REFERENCE_CHECK_CURRENT_ANEPC_ALERTS","PDFINFO_PASS_pages=5_version=1.5_encrypted=no","PDFINFO_PASS;VISUAL_FIRST_PAGE_PASS","2026-09-03T23:59:31Z","Official page dates the leaflet 2018-11-01"
"ipma-tsunami-2021-pt","private-licensed/portugal/ipma-folheto-tsunami-pt-2021.pdf","Tsunami: Saber Prevenir Saber Agir","Instituto Português do Mar e da Atmosfera","2021","pt-PT","Public in Portugal","https://www.ipma.pt/pt/media/noticias/documentos/2021/Folheto_Tsunami.pdf","https://www.ipma.pt/pt/media/noticias/documentos/2021/Folheto_Tsunami.pdf","application/pdf","2","2469931","e98c95fc34e3ffca9b3a6a21f78b9f00d5b3833088a072d2de37be203700d131","","","","Official public tsunami preparedness leaflet; redistribution terms not established in this audit","","NOT_REVIEWED_FOR_REDISTRIBUTION","PRIVATE_PERSONAL_ARCHIVE_ONLY","PORTUGAL_PUBLIC_PREPAREDNESS","PRIVATE_PERSONAL_COPY_REFERENCE","PUBLIC_PREPAREDNESS_REFERENCE_CHECK_CURRENT_IPMA_AND_ANEPC_ALERTS","PDFINFO_PASS_pages=2_version=1.6_encrypted=no","PDFINFO_PASS;VISUAL_FIRST_PAGE_PASS","2026-09-03T23:59:31Z","Year is pinned by the official IPMA document path"
"who-wedc-tn05-2013","private-licensed/wash/who-wedc-tn-05-emergency-water-treatment-2013.pdf","Technical Note 5: Emergency treatment of drinking-water at the point of use","World Health Organization and WEDC","2013-07","en","Field technicians engineers and trained WASH responders","https://www.who.int/publications/m/item/technical-notes-on-drinking-water-sanitation-and-hygiene-in-emergencies","https://cdn.who.int/media/docs/default-source/wash-documents/who-tn-05-emergency-treatment-of-drinking-water-at-the-point-of-use.pdf?sfvrsn=99f943f6_4","application/pdf","4","1383781","49cb198f80464c6245c6bf6c99e3b9d14f8c6ae75b97bf9add8c7daacb503c3e","","","","Copyright WHO 2013; all rights reserved in the file","https://cdn.who.int/media/docs/default-source/wash-documents/who-tn-05-emergency-treatment-of-drinking-water-at-the-point-of-use.pdf?sfvrsn=99f943f6_4","RESTRICTED_ALL_RIGHTS_RESERVED","PRIVATE_PERSONAL_ARCHIVE_ONLY","TECHNICAL_WASH_FIELD_GUIDANCE","PRIVATE_PERSONAL_COPY_REFERENCE","TRAINED_WASH_REFERENCE_NOT_UNSUPERVISED_DOSING_INSTRUCTION","PDFINFO_PASS_pages=4_version=1.4_encrypted=no","PDFINFO_PASS;VISUAL_FIRST_PAGE_PASS","2026-09-03T23:59:31Z","Archive reference only; validate treatment method and dose against current authority guidance"
"who-wedc-tn09-2013","private-licensed/wash/who-wedc-tn-09-water-quantity-2013.pdf","Technical Note 9: How much water is needed in emergencies","World Health Organization and WEDC","2013-07","en","Field technicians engineers and trained WASH responders","https://www.who.int/publications/m/item/technical-notes-on-drinking-water-sanitation-and-hygiene-in-emergencies","https://cdn.who.int/media/docs/default-source/wash-documents/who-tn-09-how-much-water-is-needed.pdf?sfvrsn=1e876b2a_6","application/pdf","4","895946","3c3f4f1e1e22e42cb2d3292247c319c03d4270a497008617e54725ecb0281e1f","","","","Copyright WHO 2013; all rights reserved in the file","https://cdn.who.int/media/docs/default-source/wash-documents/who-tn-09-how-much-water-is-needed.pdf?sfvrsn=1e876b2a_6","RESTRICTED_ALL_RIGHTS_RESERVED","PRIVATE_PERSONAL_ARCHIVE_ONLY","TECHNICAL_WASH_FIELD_GUIDANCE","PRIVATE_PERSONAL_COPY_REFERENCE","TRAINED_WASH_PLANNING_REFERENCE","PDFINFO_PASS_pages=4_version=1.4_encrypted=no","PDFINFO_PASS;VISUAL_FIRST_PAGE_PASS","2026-09-03T23:59:31Z","Planning reference; local climate health and vulnerable-person needs can exceed generic values"
"who-wedc-tn10-2013","private-licensed/wash/who-wedc-tn-10-hygiene-promotion-2013.pdf","Technical Note 10: Hygiene promotion in emergencies","World Health Organization and WEDC","2013-07","en","Field technicians engineers hygiene promoters and trained WASH responders","https://www.who.int/publications/m/item/technical-notes-on-drinking-water-sanitation-and-hygiene-in-emergencies","https://cdn.who.int/media/docs/default-source/wash-documents/who-tn-10-hygiene-promotion-in-emergencies.pdf?sfvrsn=978aac2f_4","application/pdf","4","1029606","9e5ee22dd2ab888745bac2755714bee956463a7efcaa0285098e82cd6ad3fde2","","","","Copyright WHO 2013; all rights reserved in the file","https://cdn.who.int/media/docs/default-source/wash-documents/who-tn-10-hygiene-promotion-in-emergencies.pdf?sfvrsn=978aac2f_4","RESTRICTED_ALL_RIGHTS_RESERVED","PRIVATE_PERSONAL_ARCHIVE_ONLY","TECHNICAL_WASH_FIELD_GUIDANCE","PRIVATE_PERSONAL_COPY_REFERENCE","TRAINED_WASH_COMMUNICATION_REFERENCE","PDFINFO_PASS_pages=4_version=1.4_encrypted=no","PDFINFO_PASS;VISUAL_FIRST_PAGE_PASS","2026-09-03T23:59:31Z","Reference for programme design rather than a validated local campaign"
"who-wedc-tn11-2013","private-licensed/wash/who-wedc-tn-11-measuring-chlorine-2013.pdf","Technical Note 11: Measuring chlorine levels in water supplies","World Health Organization and WEDC","2013-07","en","Field technicians engineers and trained WASH responders","https://www.who.int/publications/m/item/technical-notes-on-drinking-water-sanitation-and-hygiene-in-emergencies","https://cdn.who.int/media/docs/default-source/wash-documents/who-tn-11-measuring-chlorine-levels-in-water-supplies.pdf?sfvrsn=616c5e2a_4","application/pdf","4","1338767","633d659375b7c339c94707c82c3cad1ff4da1be317963c136869f027a468c5c3","","","","Copyright WHO 2013; all rights reserved in the file","https://cdn.who.int/media/docs/default-source/wash-documents/who-tn-11-measuring-chlorine-levels-in-water-supplies.pdf?sfvrsn=616c5e2a_4","RESTRICTED_ALL_RIGHTS_RESERVED","PRIVATE_PERSONAL_ARCHIVE_ONLY","TECHNICAL_WASH_FIELD_GUIDANCE","PRIVATE_PERSONAL_COPY_REFERENCE","TRAINED_WASH_MEASUREMENT_REFERENCE_NOT_UNSUPERVISED_DOSING_INSTRUCTION","PDFINFO_PASS_pages=4_version=1.4_encrypted=no","PDFINFO_PASS;VISUAL_FIRST_PAGE_PASS","2026-09-03T23:59:31Z","Requires suitable test equipment competent interpretation and current thresholds"
"who-wedc-tn14-2013","private-licensed/wash/who-wedc-tn-14-excreta-disposal-2013.pdf","Technical Note 14: Technical options for excreta disposal in emergencies","World Health Organization and WEDC","2013-07","en","Field technicians engineers and trained WASH responders","https://www.who.int/publications/m/item/technical-notes-on-drinking-water-sanitation-and-hygiene-in-emergencies","https://cdn.who.int/media/docs/default-source/wash-documents/who-tn-14-technical-options-for-excreta-disposal.pdf?sfvrsn=a3eed58f_4","application/pdf","4","989473","2f13380d9a9d63a0aeb4320038744b5c4088ab070b10fef18b412080a85ffdd2","","","","Copyright WHO 2013; all rights reserved in the file","https://cdn.who.int/media/docs/default-source/wash-documents/who-tn-14-technical-options-for-excreta-disposal.pdf?sfvrsn=a3eed58f_4","RESTRICTED_ALL_RIGHTS_RESERVED","PRIVATE_PERSONAL_ARCHIVE_ONLY","TECHNICAL_WASH_FIELD_GUIDANCE","PRIVATE_PERSONAL_COPY_REFERENCE","TRAINED_WASH_SANITATION_REFERENCE_CHECK_LOCAL_ENVIRONMENTAL_RULES","PDFINFO_PASS_pages=4_version=1.4_encrypted=no","PDFINFO_PASS;VISUAL_FIRST_PAGE_PASS","2026-09-03T23:59:31Z","Site selection requires groundwater flood soil access and public-health assessment"
"kiwix-macos-3.16.1","readers/kiwix/kiwix-macos_3.16.1.dmg","Kiwix for macOS","Kiwix","3.16.1","multilingual UI","macOS users who need to read ZIM archives","https://kiwix.org/en/applications/","https://download.kiwix.org/release/kiwix-macos/kiwix-macos_3.16.1.dmg","application/x-apple-diskimage","","6207041","67582b16c2660ad4d364ff30863008483f18270ad4d3289e679c9cc43cdc8861","md5","3e39c6fb66af94da6e7e46880af1a9e4","https://download.kiwix.org/release/kiwix-macos/kiwix-macos_3.16.1.dmg.md5","Kiwix Apple source is GPL-3.0; binary redistribution obligations and bundled components were not audited here","https://github.com/kiwix/apple/blob/main/LICENSE","PARTIAL_REVIEW_GPL_PROJECT_DISTRIBUTION_OBLIGATIONS_NOT_AUDITED","PERSONAL_READER_COPY","SOFTWARE_INSTALLER","READER_VERIFIED_NOT_LAUNCHED","READER_INSTALLER_NOT_LAUNCHED","UDIF_TRAILER_PASS;HDIUTIL_CHECKSUM_VALID","UPSTREAM_MD5_PASS;BUNDLE_SHORT_VERSION_3.16.1;NOT_TESTED_RUNTIME_LAUNCH","2026-09-03T23:59:31Z","Mounted read-only only to read Info.plist; CFBundleVersion 20260722.1635; app was not launched"
"nasa-se-handbook-rev2","released/engineering/nasa-systems-engineering-handbook-sp-2016-6105-rev2.pdf","NASA Systems Engineering Handbook","National Aeronautics and Space Administration","NASA/SP-2016-6105 Rev 2; 2017-02-17","en","Engineers project leads and technical managers","https://ntrs.nasa.gov/citations/20170001761","https://www.nasa.gov/wp-content/uploads/2018/09/nasa_systems_engineering_handbook_0.pdf","application/pdf","297","3773440","8eeb4887a4dc57a23049da7dd2ed556833cf98e214b240468d987873164ff688","","","","NTRS metadata marks distribution Public and Public Use Permitted","https://ntrs.nasa.gov/citations/20170001761","CLEARED_PUBLIC_USE","UNCHANGED_REFERENCE_COPY","GENERAL_ENGINEERING_REFERENCE","RELEASED_REFERENCE","REFERENCE_ONLY_NOT_A_DESIGN_CERTIFICATION","PDFINFO_PASS_pages=297_version=1.7_encrypted=no","PDFINFO_PASS;VISUAL_FIRST_PAGE_PASS","2026-09-03T23:59:31Z","Official NASA-hosted accessible PDF; handbook is guidance and not a directive"
"usda-wood-handbook-2021","private-licensed/materials/usda-wood-handbook-fpl-gtr-282-2021.pdf","Wood Handbook: Wood as an Engineering Material","USDA Forest Service Forest Products Laboratory","FPL-GTR-282; 2021-03","en","Woodworkers builders engineers and materials specialists","https://research.fs.usda.gov/treesearch/62200","https://research.fs.usda.gov/download/treesearch/62200.pdf","application/pdf","546","103951597","f0b488c5637614d8e69a07abf796f9e32d7a8df956ee75ab5cc5f64f3bd5ee6f","","","","Official US Government publication; third-party content and redistribution terms were not exhaustively audited","","NOT_REVIEWED_FOR_REDISTRIBUTION","PRIVATE_PERSONAL_ARCHIVE_ONLY","MATERIALS_ENGINEERING_REFERENCE","PRIVATE_PERSONAL_COPY_REFERENCE","REFERENCE_ONLY_VERIFY_LOADS_CODES_SPECIES_GRADE_AND_MOISTURE","PDFINFO_PASS_pages=546_version=1.7_encrypted=yes_print_allowed_copy_disallowed","PDFINFO_PASS;VISUAL_FIRST_PAGE_PASS","2026-09-03T23:59:31Z","PDF uses AES-256 permissions; unchanged personal archive only pending rights review"
"who-icrc-bec-2018","released/medical-training/who-icrc-basic-emergency-care-participant-workbook-2018.pdf","Basic Emergency Care: Approach to the Acutely Ill and Injured Participant Workbook","World Health Organization and International Committee of the Red Cross","2018","en","First-contact clinicians nurses doctors clinical officers and other trained health workers","https://www.who.int/publications/i/item/9789241513081","https://hlh.who.int/docs/librariesprovider4/hlh-documents/who-icrc-basic-emergency-care.pdf?sfvrsn=4460e22e_5","application/pdf","240","4257550","3936675af1181fc588cc40dc2667cd5f07ff3da87305d1536f0f667879513ca7","","","","CC BY-NC-SA 3.0 IGO with attribution non-commercial and share-alike conditions; third-party components require separate care","https://creativecommons.org/licenses/by-nc-sa/3.0/igo/","CLEARED_OPEN_LICENSE","NONCOMMERCIAL_ATTRIBUTED_UNCHANGED_TRAINING_COPY","CLINICIAN_TRAINING","RELEASED_TRAINING_ONLY","CLINICIAN_TRAINING_ONLY_NOT_LAY_ACTION_CARD","PDFINFO_PASS_pages=240_version=1.7_encrypted=no","PDFINFO_PASS;VISUAL_FIRST_PAGE_PASS","2026-09-03T23:59:31Z","Open-access training course for frontline health-care providers; not certification and not a lay protocol"
"nist-sp811-2008","released/metrology/nist-sp-811-2008-si-guide.pdf","Guide for the Use of the International System of Units","National Institute of Standards and Technology","NIST SP 811; 2008 edition","en","Technical users educators engineers and metrology practitioners","https://www.nist.gov/pml/special-publication-811","https://nvlpubs.nist.gov/nistpubs/Legacy/SP/nistspecialpublication811e2008.pdf","application/pdf","90","2027518","788dd8f0bcb0ec06e40c300690266742532a7e760a93be57764b77ed0ef3482f","","","","NIST-authored US Government work; NIST marks its works not subject to copyright in the United States unless stated otherwise","https://www.nist.gov/open/copyrights","CLEARED_US_GOVERNMENT_WORK","UNCHANGED_REFERENCE_COPY","METROLOGY_REFERENCE","RELEASED_REFERENCE","REFERENCE_ONLY_CHECK_CURRENT_SI_AND_LOCAL_REGULATION","PDFINFO_PASS_pages=90_version=1.6_encrypted=no","PDFINFO_PASS;VISUAL_FIRST_PAGE_PASS","2026-09-03T23:59:31Z","Pinned to the 2008 edition; retain edition label because standards can change"
"nist-tn1297-1994","released/metrology/nist-tn-1297-1994-measurement-uncertainty.pdf","Guidelines for Evaluating and Expressing the Uncertainty of NIST Measurement Results","National Institute of Standards and Technology","NIST Technical Note 1297; 1994 edition","en","Engineers scientists and metrology practitioners","https://www.nist.gov/pml/nist-technical-note-1297","https://nvlpubs.nist.gov/nistpubs/Legacy/TN/nbstechnicalnote1297.pdf","application/pdf","25","435960","f2c8e6026d5589a63d492f192b72cd905f554b477a6049532256170aec477e92","","","","NIST-authored US Government work; NIST marks its works not subject to copyright in the United States unless stated otherwise","https://www.nist.gov/open/copyrights","CLEARED_US_GOVERNMENT_WORK","UNCHANGED_REFERENCE_COPY","METROLOGY_REFERENCE","RELEASED_REFERENCE","REFERENCE_ONLY_CHECK_CURRENT_LAB_AND_REGULATORY_REQUIREMENTS","PDFINFO_PASS_pages=25_version=1.4_encrypted=no","PDFINFO_PASS;VISUAL_FIRST_PAGE_PASS","2026-09-03T23:59:31Z","Pinned to the 1994 edition; method guidance is not calibration evidence"
"jrc-pvgis6-basics-2026","private-licensed/energy/jrc-pvgis-6-step-by-step-basics-2026.pdf","PVGIS 6: Getting Started — Step-by-Step Basics","European Commission Joint Research Centre","2026-06-23","en","Household energy planners installers and technical users","https://joint-research-centre.ec.europa.eu/photovoltaic-geographical-information-system-pvgis/using-pvgis-6/pvgis-6-user-guide_en","https://joint-research-centre.ec.europa.eu/document/download/2e914f8c-616a-4e6d-b655-e9f2233ff746_en?filename=PVGIS+6+Step-by-Step+Basics+2026_0.pdf","application/pdf","11","958974","e9877ea36e50611f0dbc1d05e0971b0957f0a2501683a688940377bb565093d3","","","","European Commission publication; download availability is not treated as a redistribution licence","","NOT_REVIEWED_FOR_REDISTRIBUTION","PRIVATE_PERSONAL_ARCHIVE_ONLY","SOLAR_RESOURCE_PLANNING_REFERENCE","PRIVATE_PERSONAL_COPY_REFERENCE","PLANNING_ESTIMATE_ONLY_VERIFY_SITE_SHADING_WEATHER_AND_EQUIPMENT","PDFINFO_PASS_pages=11_version=1.7_encrypted=no","PDFINFO_PASS;VISUAL_FIRST_AND_REPRESENTATIVE_PAGE_PASS","2026-09-04T04:19:55Z","Offline quick guide to the online PVGIS 6 interface; archived guide does not preserve live datasets or prove production at the site"
"doe-residential-renewables-2022","private-licensed/energy/doe-consumer-guide-residential-renewable-energy-2022.pdf","Energy Saver Consumer Guide to Residential Renewable Energy","United States Department of Energy","2022-08","en","Households considering solar wind or geothermal systems","https://www.energy.gov/sites/default/files/2022-08/ES-ConsumerGuide-Residential-Renewable-Energy.pdf","https://www.energy.gov/sites/default/files/2022-08/ES-ConsumerGuide-Residential-Renewable-Energy.pdf","application/pdf","2","1220875","755756b0209f14ab451f454277f830a920509e4e253c581faa06616b6bdf51c0","","","","Official US Government publication; third-party images and redistribution terms were not exhaustively audited","","NOT_REVIEWED_FOR_REDISTRIBUTION","PRIVATE_PERSONAL_ARCHIVE_ONLY","RESIDENTIAL_RENEWABLES_OVERVIEW","PRIVATE_PERSONAL_COPY_REFERENCE","OVERVIEW_ONLY_NOT_A_SITE_DESIGN_OR_PORTUGAL_CODE_GUIDE","PDFINFO_PASS_pages=2_version=1.6_encrypted=no","PDFINFO_PASS;VISUAL_FIRST_PAGE_PASS","2026-09-04T04:19:55Z","US consumer overview retained for technology comparison; costs incentives and codes are not transferable to Portugal"
"doe-microhydro-handbook-v1p1","private-licensed/energy/doe-small-hydropower-handbook-volume-1-part-1.pdf","Microhydropower Handbook Volume 1 Part 1","United States Department of Energy Idaho Operations Office","1983","en","Engineers site assessors and technically trained operators","https://www.energy.gov/cmei/water/how-hydropower-works","https://www1.eere.energy.gov/water/pdfs/doewater-10107-vol.1-pt1.pdf","application/pdf","226","8520853","a10ec4a54c52c991dd471d678db3fb61c80e5f42493a24d72a5e4f228ad3544e","","","","Historical US Government technical handbook; third-party content and redistribution terms were not exhaustively audited","","NOT_REVIEWED_FOR_REDISTRIBUTION","PRIVATE_PERSONAL_ARCHIVE_ONLY","MICROHYDRO_ENGINEERING_REFERENCE","PRIVATE_PERSONAL_COPY_REFERENCE","HISTORICAL_ENGINEERING_REFERENCE_VERIFY_CURRENT_PORTUGAL_WATER_ENVIRONMENTAL_ELECTRICAL_RULES","PDFINFO_PASS_pages=226_version=1.6_encrypted=no","PDFINFO_PASS;VISUAL_FIRST_AND_REPRESENTATIVE_PAGE_PASS","2026-09-04T04:19:55Z","Equations and process maps remain useful; United States permits equipment data and economics are historical and not locally applicable"
"hse-gs38-2015","private-licensed/energy/hse-gs38-electrical-test-equipment-2015.pdf","Electrical test equipment for use on low voltage electrical systems GS38 Fourth edition","Health and Safety Executive","2015","en","Electricians technicians and trained electrical workers","https://www.hse.gov.uk/electricity/information/testing.htm","https://www.hse.gov.uk/pubns/priced/gs38.pdf","application/pdf","9","321702","31c68df82f0dadde6ee953b02e523d523c23e7a7c5250dde01c6a718fb599e31","","","","Copyright HSE; download availability is not treated as a redistribution licence","","NOT_REVIEWED_FOR_REDISTRIBUTION","PRIVATE_PERSONAL_ARCHIVE_ONLY","ELECTRICAL_TEST_SAFETY_REFERENCE","PRIVATE_PERSONAL_COPY_REFERENCE","TRAINED_PERSON_REFERENCE_NOT_AUTHORIZATION_FOR_LIVE_WORK_OR_PORTUGAL_COMPLIANCE","PDFINFO_PASS_pages=9_version=1.6_encrypted=no","PDFINFO_PASS;VISUAL_FIRST_AND_REPRESENTATIVE_PAGE_PASS","2026-09-04T04:19:55Z","Supports safe instrument selection and proving-dead procedure; local law equipment ratings and competence requirements still govern"
"icnf-rural-fire-constraints-2026-07","private-licensed/energy/icnf-condicionantes-perigo-incendio-rural-continental.pdf","Restrições associadas ao Perigo de Incêndio Rural Diário","Instituto da Conservação da Natureza e das Florestas","2026-07-09 snapshot","pt-PT","Public and operators using heat flame machinery or generators in mainland Portugal","https://fogos.icnf.pt/SGIF2010/InformacaoPublicaDados/Condicionantes_PerigoIncendiosRural.pdf","https://fogos.icnf.pt/SGIF2010/InformacaoPublicaDados/Condicionantes_PerigoIncendiosRural.pdf","application/pdf","2","393089","3b2006afd84e251118ddfec5485b05997d47da0f1179b403717f092347454e02","","","","Official public safety information; redistribution terms were not established in this audit","","NOT_REVIEWED_FOR_REDISTRIBUTION","PRIVATE_PERSONAL_ARCHIVE_ONLY","MAINLAND_PORTUGAL_RURAL_FIRE_REFERENCE","PRIVATE_PERSONAL_COPY_REFERENCE","DATED_SNAPSHOT_CHECK_CURRENT_DAILY_RISK_ALERTS_AND_LOCAL_RESTRICTIONS_BEFORE_ANY_HEAT_OR_SPARK_ACTIVITY","PDFINFO_PASS_pages=2_version=1.7_encrypted=no","PDFINFO_PASS;VISUAL_ALL_PAGES_PASS","2026-09-04T04:19:55Z","Document explicitly applies to continental territory; Madeira and Azores require their regional fire-risk and civil-protection sources"
"eredes-grid-connections-manual-11e-2025","private-licensed/energy/e-redes-manual-ligacoes-rede-11-edicao-2025.pdf","Manual de Ligações à Rede Elétrica de Serviço Público — 11.ª edição","E-REDES Distribuição de Eletricidade","2025-12-26","pt-PT","Qualified electrical professionals designers and applicants in mainland Portugal","https://www.e-redes.pt/pt-pt/sobre-nos-e-redes/organizacao/documentacao-relevante","https://www.e-redes.pt/sites/eredes/files/2026-01/Manual%20Ligaco%CC%83es%20a%CC%80%20Rede%20Revisto_11_%20Edica%CC%83o_2025_26Dez.pdf","application/pdf","213","15609661","457d43918ef76d32f2013f075e6c2ba6e806fcd9874fce4f91dd00cabc4364c5","","","","Copyright E-REDES; download availability is not treated as a redistribution licence","","NOT_REVIEWED_FOR_REDISTRIBUTION","PRIVATE_PERSONAL_ARCHIVE_ONLY","MAINLAND_PORTUGAL_GRID_CONNECTION_TECHNICAL_REFERENCE","PRIVATE_PERSONAL_COPY_REFERENCE","PROFESSIONAL_REFERENCE_ONLY_VERIFY_CURRENT_EDITION_AND_OPERATOR_REQUIREMENTS_BEFORE_WORK","PDFINFO_PASS_pages=213_version=1.7_encrypted=no","PDFINFO_PASS;VISUAL_FIRST_AND_REPRESENTATIVE_PAGE_PASS","2026-09-04T04:19:55Z","E-REDES scope is continental Portugal; Madeira and Azores use regional systems and operators"
"portugal-dl130-2026","private-licensed/energy/portugal-continental-decreto-lei-130-2026.pdf","Decreto-Lei n.º 130/2026 de 29 de junho","Presidência do Conselho de Ministros; Diário da República","2026-06-29","pt-PT","Energy planners installers owners and legal reviewers in mainland Portugal","https://diariodarepublica.pt/dr/detalhe/decreto-lei/130-2026-1139897687","https://op.europa.eu/o/opportal-service/download-handler?identifier=d661357c-2e42-4fc0-abcc-1301dea32a7c&format=pdf&language=pt&productionSystem=cellar&part=","application/pdf","45","1006508","32d5e61c229f948e46528d9bda8b50ccd65a877827c2b2c6586211450bc55e16","","","","Official legal text; personal unchanged archive copy pending redistribution review","","NOT_REVIEWED_FOR_REDISTRIBUTION","PRIVATE_PERSONAL_ARCHIVE_ONLY","MAINLAND_PORTUGAL_ENERGY_LAW_REFERENCE","PRIVATE_PERSONAL_COPY_REFERENCE","LEGAL_REFERENCE_ONLY_CHECK_CONSOLIDATED_TEXT_CURRENT_PROCEDURE_AND_COMPETENT_AUTHORITY","PDFINFO_PASS_pages=45_version=1.3_encrypted=no","PDFINFO_PASS;VISUAL_FIRST_PAGE_PASS","2026-09-04T04:19:55Z","Published 2026-06-29 and effective 2026-08-28; the 800 W rule in the kit is expressly limited to mainland procedures within the law's temporal scope"
"madeira-dlr9-2026-m","private-licensed/energy/madeira-decreto-legislativo-regional-9-2026-M.pdf","Decreto Legislativo Regional n.º 9/2026/M de 11 de maio","Assembleia Legislativa da Região Autónoma da Madeira; JORAM","2026-05-11","pt-PT","Energy planners installers owners and legal reviewers in Madeira","https://diariodarepublica.pt/dr/detalhe/decreto-legislativo-regional/9-2026-1118713684","https://joram.madeira.gov.pt/joram/1serie/Ano%20de%202026/ISerie-083-2026-05-11.pdf","application/pdf","20","401030","caf3bd391e835afc81fad5e106250bed1905799ea2c0f107fc271db72390fdcc","","","","Official regional legal text; personal unchanged archive copy pending redistribution review","","NOT_REVIEWED_FOR_REDISTRIBUTION","PRIVATE_PERSONAL_ARCHIVE_ONLY","MADEIRA_ENERGY_LAW_REFERENCE","PRIVATE_PERSONAL_COPY_REFERENCE","LEGAL_REFERENCE_ONLY_CHECK_CONSOLIDATED_TEXT_CURRENT_DREN_PROCEDURE_AND_REGIONAL_OPERATOR","PDFINFO_PASS_pages=20_version=1.7_encrypted=no","PDFINFO_PASS;VISUAL_FIRST_PAGE_PASS","2026-09-04T04:19:55Z","Madeira regime entered into force 2026-05-12 and retains a 700 W threshold; it is not replaced by the mainland 800 W shortcut"
"acores-dlr2-2026-a","private-licensed/energy/acores-decreto-legislativo-regional-2-2026-A.pdf","Decreto Legislativo Regional n.º 2/2026/A de 21 de janeiro","Assembleia Legislativa da Região Autónoma dos Açores; Diário da República","2026-01-21","pt-PT","Energy planners installers owners and legal reviewers in the Azores","https://diariodarepublica.pt/dr/detalhe/decreto-legislativo-regional/2-2026-1017369036","https://files.diariodarepublica.pt/1s/2026/01/01400/0007600121.pdf","application/pdf","46","1222324","2dd9d28845790e089cbc5bbd323a003291ccd2502883dc5d32b59db54216e41b","","","","Official regional legal text; personal unchanged archive copy pending redistribution review","","NOT_REVIEWED_FOR_REDISTRIBUTION","PRIVATE_PERSONAL_ARCHIVE_ONLY","AZORES_ENERGY_LAW_REFERENCE","PRIVATE_PERSONAL_COPY_REFERENCE","LEGAL_REFERENCE_ONLY_CHECK_CURRENT_REGIONAL_REGULATIONS_SEPA_OPERATOR_AND_COMPETENT_AUTHORITY","PDFINFO_PASS_pages=46_version=1.3_encrypted=yes_print_and_copy_allowed","PDFINFO_PASS;VISUAL_FIRST_PAGE_PASS","2026-09-04T04:19:55Z","Regional framework entered into force 180 days after publication; detailed procedures depend on Azorean regulation and authorities"
"dgs-gravidez-puerperio-2026","private-licensed/maternal-child/dgs-gravidez-puerperio-norma-001-2023-atualizada-2026.pdf","Norma 001/2023: Organização dos Cuidados de Saúde na Preconceção, Gravidez e Puerpério","Direção-Geral da Saúde","2026-03-23","pt-PT","Portuguese maternal-health professionals; household reference for care routes","https://www.dgs.pt/normas-orientacoes-e-informacoes/normas-e-circulares-normativas/norma-n-0012023-de-27012023-atualizada-a-23032026-organizacao-dos-cuidados-de-saude-na-preconcecao-gravidez-e-puerperio.aspx","https://www.dgs.pt/normas-orientacoes-e-informacoes/normas-e-circulares-normativas/norma-n-0012023-de-27012023-atualizada-a-23032026-organizacao-dos-cuidados-de-saude-na-preconcecao-gravidez-e-puerperio-pdf.aspx","application/pdf","19","605295","48ac4c071418fb9485a33fa8b86b3657de357450188686f9549bb73f79f3d5fb","","","","Official Portuguese clinical norm; download availability is not treated as a redistribution licence","","NOT_REVIEWED_FOR_REDISTRIBUTION","PRIVATE_PERSONAL_ARCHIVE_ONLY","PORTUGAL_MATERNAL_CARE_REFERENCE","PRIVATE_PERSONAL_COPY_REFERENCE","PROFESSIONAL_NORM_AND_CARE_ROUTE_REFERENCE_NOT_LAY_OBSTETRIC_AUTHORIZATION","PDFINFO_PASS_pages=19_version=1.7_encrypted=no","PDFINFO_PASS;VISUAL_FIRST_PAGE_PASS","2026-09-04T04:44:35Z","Current page states update 2026-03-23; check DGS for later revision before clinical use"
"who-caring-newborn-home-2015","private-licensed/maternal-child/who-caring-newborn-at-home-2015.pdf","Caring for the newborn at home: participant manual","World Health Organization and UNICEF","2015","en","Community health workers after structured training and national adaptation","https://www.who.int/publications/i/item/9789241549295","https://iris.who.int/server/api/core/bitstreams/88833110-c4ba-4dad-9f56-c2a813fe85ad/content","application/pdf","117","1629320","c73f4b1b15f4cf88f938d230da5e60f07e72dae144fbb29ac9298f14d937c97d","","","","WHO page states CC BY-NC-SA 3.0 IGO; image and downstream terms not exhaustively audited","https://www.who.int/publications/i/item/9789241549295","PARTIAL_REVIEW_CC_BY_NC_SA_3_IGO","PRIVATE_PERSONAL_ARCHIVE_ONLY","COMMUNITY_NEWBORN_CARE_TRAINING","PRIVATE_PERSONAL_COPY_REFERENCE","TRAINING_REFERENCE_REQUIRES_SUPERVISED_PRACTICE_AND_PORTUGAL_ADAPTATION","PDFINFO_PASS_pages=117_version=1.5_encrypted=no","PDFINFO_PASS;VISUAL_FIRST_PAGE_PASS","2026-09-04T04:44:35Z","Not a substitute for neonatal assessment or emergency services"
"who-caring-sick-child-2011","private-licensed/maternal-child/who-caring-sick-child-community-2011.pdf","Caring for the sick child in the community: participant manual","World Health Organization and UNICEF","2011","en","Community health workers under national protocol and supervision","https://www.who.int/publications/i/item/9789241548045","https://iris.who.int/server/api/core/bitstreams/c39c52ff-f785-45bc-94f1-2717909dfcdb/content","application/pdf","141","3605201","1d2708940727bb5d1275e66b93f1428efb5636333eceff8525593c684f8097da","","","","WHO publication page states all rights reserved","https://www.who.int/publications/i/item/9789241548045","RESTRICTED_ALL_RIGHTS_RESERVED","PRIVATE_PERSONAL_ARCHIVE_ONLY","COMMUNITY_CHILD_ILLNESS_TRAINING","PRIVATE_PERSONAL_COPY_REFERENCE","HISTORICAL_TRAINING_REFERENCE_NOT_AUTHORIZATION_TO_DIAGNOSE_OR_GIVE_ANTIBIOTICS","PDFINFO_PASS_pages=141_version=1.5_encrypted=no","PDFINFO_PASS;VISUAL_FIRST_PAGE_PASS","2026-09-04T04:44:35Z","Requires current national adaptation; household card deliberately omits treatment tables"
"who-child-pneumonia-diarrhoea-2024","private-licensed/maternal-child/who-child-pneumonia-diarrhoea-guideline-2024.pdf","Guideline on management of pneumonia and diarrhoea in children up to 10 years of age","World Health Organization","2024","en","Clinicians programme managers and guideline implementers","https://www.who.int/publications/i/item/9789240103412","https://iris.who.int/server/api/core/bitstreams/bddcc725-8ffd-4d38-bec4-d6ead2904911/content","application/pdf","80","2925874","12876606e78ede37f4744b76b1dbfe0de00d25b12b0d90eca0a0cf0e53d631cf","","","","WHO publication; redistribution terms not fully reviewed for this local copy","https://www.who.int/publications/i/item/9789240103412","NOT_REVIEWED_FOR_REDISTRIBUTION","PRIVATE_PERSONAL_ARCHIVE_ONLY","PROFESSIONAL_PAEDIATRIC_GUIDELINE","PRIVATE_PERSONAL_COPY_REFERENCE","PROFESSIONAL_REFERENCE_NOT_LAY_DIAGNOSIS_OR_PRESCRIBING","PDFINFO_PASS_pages=80_version=1.7_encrypted=no","PDFINFO_PASS;VISUAL_FIRST_PAGE_PASS","2026-09-04T04:44:35Z","Use current Portuguese clinical pathway and child-specific assessment"
"who-early-newborn-care-2022","private-licensed/maternal-child/who-early-essential-newborn-care-2022.pdf","Early Essential Newborn Care: clinical practice pocket guide second edition","World Health Organization Regional Office for the Western Pacific","2022","en","Skilled birth attendants and neonatal-care trainers","https://www.who.int/publications/i/item/9789290619659","https://iris.who.int/server/api/core/bitstreams/be675faf-b002-48f7-81bd-44f6e3751895/content","application/pdf","138","1814704","f132e163254f6d96c32fc828d1c62511b5ae87dbabeb82358edfe012f8ccfb74","","","","WHO publication; redistribution terms not fully reviewed for this local copy","https://www.who.int/publications/i/item/9789290619659","NOT_REVIEWED_FOR_REDISTRIBUTION","PRIVATE_PERSONAL_ARCHIVE_ONLY","PROFESSIONAL_EARLY_NEWBORN_CARE","PRIVATE_PERSONAL_COPY_REFERENCE","CLINICAL_REFERENCE_NOT_AUTHORIZATION_FOR_UNTRAINED_NEONATAL_PROCEDURES","PDFINFO_PASS_pages=138_version=1.6_encrypted=no","PDFINFO_PASS;VISUAL_FIRST_PAGE_PASS","2026-09-04T04:44:35Z","Regional clinical guide retained as professional reference; adapt to Portugal"
"who-healthy-growth-2015","private-licensed/maternal-child/who-healthy-growth-development-2015.pdf","Caring for the child's healthy growth and development: participant manual","World Health Organization and UNICEF","2015","en","Community health workers caregivers and trainers after local adaptation","https://www.who.int/publications/i/item/9789241504997","https://iris.who.int/server/api/core/bitstreams/8b0ed080-0ffc-4597-96f8-bba5452ee5c9/content","application/pdf","68","3090270","1f5a8eb51f31d9e8c980bae541fa40d76268d8cabe76941d9397975bf346bed9","","","","WHO page states CC BY-NC-SA 3.0 IGO; image and downstream terms not exhaustively audited","https://www.who.int/publications/i/item/9789241504997","PARTIAL_REVIEW_CC_BY_NC_SA_3_IGO","PRIVATE_PERSONAL_ARCHIVE_ONLY","CHILD_GROWTH_DEVELOPMENT_TRAINING","PRIVATE_PERSONAL_COPY_REFERENCE","EDUCATION_AND_COUNSELLING_REFERENCE_NOT_DEVELOPMENTAL_DIAGNOSIS","PDFINFO_PASS_pages=68_version=1.5_encrypted=no","PDFINFO_PASS;VISUAL_FIRST_PAGE_PASS","2026-09-04T04:44:35Z","Use alongside DGS child-health record and current Portuguese programme"
"who-labour-care-guide-2025","private-licensed/maternal-child/who-labour-care-guide-implementation-2025.pdf","WHO labour care guide implementation resource package","World Health Organization","2025","en","Maternity-care professionals managers and trainers","https://www.who.int/publications/i/item/9789240109346","https://iris.who.int/server/api/core/bitstreams/b2207ce1-6384-4d67-925a-881dfb2e7728/content","application/pdf","44","3669145","4d058f4f07ff1950e36381d119c5255fec242508fabc40777ec462fcf39571cd","","","","WHO publication; redistribution terms not fully reviewed for this local copy","https://www.who.int/publications/i/item/9789240109346","NOT_REVIEWED_FOR_REDISTRIBUTION","PRIVATE_PERSONAL_ARCHIVE_ONLY","PROFESSIONAL_LABOUR_CARE_IMPLEMENTATION","PRIVATE_PERSONAL_COPY_REFERENCE","PROFESSIONAL_IMPLEMENTATION_REFERENCE_NOT_HOME_BIRTH_MANUAL","PDFINFO_PASS_pages=44_version=1.5_encrypted=no","PDFINFO_PASS;VISUAL_FIRST_PAGE_PASS","2026-09-04T04:44:35Z","Supports professional systems and records; lay card remains emergency support only"
"who-maternal-recommendations-2025","private-licensed/maternal-child/who-maternal-health-recommendations-2025.pdf","WHO recommendations on maternal health: guidelines approved by the WHO Guidelines Review Committee second edition","World Health Organization","2025","en","Maternal-health professionals programme managers and guideline developers","https://www.who.int/publications/i/item/9789240080591","https://iris.who.int/server/api/core/bitstreams/12fdb499-733d-4614-aafc-88dcbbb3c829/content","application/pdf","208","3446310","f154bcc6206489dcab08f07114dc0ca2c45b0b26f136b898ace684379cd4e552","","","","WHO publication; redistribution terms not fully reviewed for this local copy","https://www.who.int/publications/i/item/9789240080591","NOT_REVIEWED_FOR_REDISTRIBUTION","PRIVATE_PERSONAL_ARCHIVE_ONLY","PROFESSIONAL_MATERNAL_HEALTH_COMPENDIUM","PRIVATE_PERSONAL_COPY_REFERENCE","PROFESSIONAL_REFERENCE_NOT_LAY_DIAGNOSIS_TREATMENT_OR_OBSTETRIC_PROCEDURE","PDFINFO_PASS_pages=208_version=1.7_encrypted=no","PDFINFO_PASS;VISUAL_FIRST_PAGE_PASS","2026-09-04T04:44:35Z","Use current national pathways and specialist interpretation"
"who-postnatal-care-2022","private-licensed/maternal-child/who-postnatal-care-2022.pdf","WHO recommendations on maternal and newborn care for a positive postnatal experience","World Health Organization","2022","en","Maternal and newborn health professionals programme managers and trained caregivers","https://www.who.int/publications/i/item/9789240045989","https://iris.who.int/server/api/core/bitstreams/73dec697-c033-449c-8323-1cd04a8d8f20/content","application/pdf","242","1318775","f4cbef197fdf40d33e1c53987ba6f4e099265fe0d867724c8c2e4fb91051a071","","","","WHO publication; redistribution terms not fully reviewed for this local copy","https://www.who.int/publications/i/item/9789240045989","NOT_REVIEWED_FOR_REDISTRIBUTION","PRIVATE_PERSONAL_ARCHIVE_ONLY","POSTNATAL_MATERNAL_NEWBORN_GUIDELINE","PRIVATE_PERSONAL_COPY_REFERENCE","PROFESSIONAL_GUIDELINE_AND_CAREGIVER_REFERENCE_NOT_SUBSTITUTE_FOR_ASSESSMENT","PDFINFO_PASS_pages=242_version=1.6_encrypted=no","PDFINFO_PASS;VISUAL_FIRST_PAGE_PASS","2026-09-04T04:44:35Z","Basis for safe-sleep maternal mental-health and postnatal follow-up cards"
"who-postpartum-haemorrhage-2025","private-licensed/maternal-child/who-postpartum-haemorrhage-guideline-2025.pdf","Consolidated guidelines for prevention diagnosis and treatment of postpartum haemorrhage","World Health Organization FIGO and ICM","2025","en","Obstetric clinicians midwives facilities and guideline implementers","https://www.who.int/publications/i/item/9789240115637","https://iris.who.int/server/api/core/bitstreams/88bf11a5-93b6-4d6b-bdaa-856b46c8ed3c/content","application/pdf","111","2869363","2049fb40dff7e97712c98cb58907ef662161627197a5e143ec50045abb1931de","","","","WHO joint clinical guideline; redistribution terms not fully reviewed for this local copy","https://www.who.int/publications/i/item/9789240115637","NOT_REVIEWED_FOR_REDISTRIBUTION","PRIVATE_PERSONAL_ARCHIVE_ONLY","PROFESSIONAL_POSTPARTUM_HAEMORRHAGE_GUIDELINE","PRIVATE_PERSONAL_COPY_REFERENCE","PROFESSIONAL_EMERGENCY_REFERENCE_NOT_AUTHORIZATION_FOR_LAY_DRUGS_INJECTIONS_OR_MANOEUVRES","PDFINFO_PASS_pages=111_version=1.7_encrypted=no","PDFINFO_PASS;VISUAL_FIRST_PAGE_PASS","2026-09-04T04:44:35Z","Lay action remains immediate 112 call observation warmth and dispatcher instructions"
"who-powdered-formula-safety","private-licensed/maternal-child/who-powdered-infant-formula-safety.pdf","Safe preparation storage and handling of powdered infant formula: guidelines","World Health Organization and Food and Agriculture Organization","2007; WHO page 2012","en","Parents caregivers and care-setting staff","https://www.who.int/publications/i/item/9789241595414","https://iris.who.int/server/api/core/bitstreams/423f27ea-b94d-447c-aa0c-46cdbc80e5b3/content","application/pdf","32","368303","9c739995f0fc1ce63a4dd939f3aa56d67ccbef798255509e0fd83d4fc7af061a","","","","WHO page states CC BY-NC-SA 3.0 IGO","https://www.who.int/publications/i/item/9789241595414","PARTIAL_REVIEW_CC_BY_NC_SA_3_IGO","PRIVATE_PERSONAL_ARCHIVE_ONLY","INFANT_FORMULA_HYGIENE_GUIDE","PRIVATE_PERSONAL_COPY_REFERENCE","FOLLOW_CURRENT_PRODUCT_INSTRUCTIONS_AND_CHILD_SPECIFIC_MEDICAL_PLAN","PDFINFO_PASS_pages=32_version=1.6_encrypted=no","PDFINFO_PASS;VISUAL_FIRST_PAGE_PASS","2026-09-04T04:44:35Z","Powdered formula is not sterile; household card forbids dilution and homemade substitutes"
"dgs-dementia-053-2023","private-licensed/care-public-health/dgs-dementia-norm-053-2011-updated-2023.pdf","Abordagem Diagnóstica e Intervenção na Demência em Idade Adulta","Direção-Geral da Saúde","2011; updated 2023","pt","Portuguese health professionals and care planners","https://www.dgs.pt/normas-orientacoes-e-informacoes/normas-e-circulares-normativas/norma_53_2011_act_21042023-pdf.aspx","https://www.dgs.pt/normas-orientacoes-e-informacoes/normas-e-circulares-normativas/norma_53_2011_act_21042023-pdf.aspx","application/pdf","34","995637","6ecf4d0898ead65ff26d539eab581e518aa66c082e8966dd3fe30833fc687cc2","","","","DGS clinical norm; redistribution terms not fully reviewed for this local copy","https://www.dgs.pt/normas-orientacoes-e-informacoes/normas-e-circulares-normativas/norma_53_2011_act_21042023-pdf.aspx","NOT_REVIEWED_FOR_REDISTRIBUTION","PRIVATE_PERSONAL_ARCHIVE_ONLY","PROFESSIONAL_DEMENTIA_CLINICAL_NORM","PRIVATE_PERSONAL_COPY_REFERENCE","PROFESSIONAL_PORTUGAL_CLINICAL_REFERENCE_NOT_LAY_DIAGNOSIS_OR_TREATMENT","PDFINFO_PASS_pages=34_version=1.6_encrypted=no","PDFINFO_PASS;VISUAL_FIRST_PAGE_PASS","2026-09-04T06:30:00Z","Use with current Portuguese clinical pathway and individual assessment"
"unfpa-menstrual-emergencies-2021","private-licensed/care-public-health/unfpa-menstrual-health-emergencies-2021.pdf","Menstrual Health and Hygiene Management during Emergencies","UNFPA India and WaterAid India","2021","en","Emergency planners programme staff and community support teams","https://india.unfpa.org/en/publications/menstrual-health-and-hygiene-management-during-emergencies","https://india.unfpa.org/sites/default/files/pub-pdf/mhhm_and_emergenciesfinal-_november_2021.pdf","application/pdf","74","2688472","48fa110dddc16d50012854f349d11db397960b903b4a0ecf4ce1157b91a59acd","","","","UNFPA publication; redistribution terms not fully reviewed for this local copy","https://india.unfpa.org/en/publications/menstrual-health-and-hygiene-management-during-emergencies","NOT_REVIEWED_FOR_REDISTRIBUTION","PRIVATE_PERSONAL_ARCHIVE_ONLY","MENSTRUAL_HEALTH_EMERGENCY_PLANNING_GUIDE","PRIVATE_PERSONAL_COPY_REFERENCE","INDIA_CONTEXT_REQUIRES_PORTUGAL_ADAPTATION_AND_DOES_NOT_REPLACE_CLINICAL_CARE","PDFINFO_PASS_pages=74_version=1.6_encrypted=no","PDFINFO_PASS;VISUAL_FIRST_PAGE_PASS","2026-09-04T06:30:00Z","Planning reference for privacy water sanitation supplies and inclusion; adapt products and services locally"
"who-disability-emergency-2013","private-licensed/care-public-health/who-disability-emergency-risk-management-2013.pdf","Guidance Note on Disability and Emergency Risk Management for Health","World Health Organization","2013","en","Emergency planners health services communities and disability organizations","https://www.who.int/publications-detail-redirect/guidance-note-on-disability-and-emergency-risk-management-for-health","https://iris.who.int/server/api/core/bitstreams/f11b59d9-712c-4ca3-b6a8-418f44fd2180/content","application/pdf","58","1111818","21b8a0560030e36e41ba25e439b2fd07110c264a1ca1cf57e678371448061c23","","","","WHO publication; redistribution terms not fully reviewed for this local copy","https://www.who.int/publications-detail-redirect/guidance-note-on-disability-and-emergency-risk-management-for-health","NOT_REVIEWED_FOR_REDISTRIBUTION","PRIVATE_PERSONAL_ARCHIVE_ONLY","DISABILITY_INCLUSIVE_EMERGENCY_PLANNING_GUIDE","PRIVATE_PERSONAL_COPY_REFERENCE","PLANNING_REFERENCE_REQUIRES_PERSON_SPECIFIC_ACCESS_AND_EVACUATION_PLAN","PDFINFO_PASS_pages=58_version=1.5_encrypted=no","PDFINFO_PASS;VISUAL_FIRST_PAGE_PASS","2026-09-04T06:30:00Z","Use with direct participation of affected people and local services"
"who-icope-2025","private-licensed/care-public-health/who-icope-person-centred-care-2025.pdf","Integrated care for older people: guidance for person-centred assessment and pathways in primary care, second edition","World Health Organization","2025","en","Health and care workers programme planners and trained care teams","https://www.who.int/publications/i/item/9789240103726","https://iris.who.int/server/api/core/bitstreams/7516b015-e205-43d1-883f-01f2c31af261/content","application/pdf","168","2925159","7addb319b953fe56306e093148431f606bb58feaed3b6557293f93cfa108f5eb","","","","WHO publication; redistribution terms not fully reviewed for this local copy","https://www.who.int/publications/i/item/9789240103726","NOT_REVIEWED_FOR_REDISTRIBUTION","PRIVATE_PERSONAL_ARCHIVE_ONLY","PERSON_CENTRED_OLDER_PEOPLE_CARE_GUIDANCE","PRIVATE_PERSONAL_COPY_REFERENCE","TRAINED_HEALTH_AND_CARE_WORKER_REFERENCE_NOT_SELF_DIAGNOSIS_OR_GENERIC_CARE_PLAN","PDFINFO_PASS_pages=168_version=1.7_encrypted=no","PDFINFO_PASS;VISUAL_FIRST_PAGE_PASS","2026-09-04T06:30:00Z","Requires local adaptation and a personalized care plan"
"who-isupport-dementia-uk-2022","private-licensed/care-public-health/who-isupport-dementia-ukrainian-2022.pdf","iSupport для людей, які здійснюють догляд за людьми з деменцією","World Health Organization","2022 Ukrainian edition","uk","People caring for persons with dementia and supporting professionals","https://www.who.int/ukraine/uk/publications/i/item/9789241515863","https://iris.who.int/server/api/core/bitstreams/c4eefa26-6818-4edb-acb8-381365489acb/content","application/pdf","273","12636152","3bed8e12294653a69199a2deabf178691d3f8a0afe21d5ce0b8f4c049a229b3b","","","","WHO publication; redistribution terms not fully reviewed for this local copy","https://www.who.int/ukraine/uk/publications/i/item/9789241515863","NOT_REVIEWED_FOR_REDISTRIBUTION","PRIVATE_PERSONAL_ARCHIVE_ONLY","DEMENTIA_CAREGIVER_SELF_HELP_MANUAL_UKRAINIAN","PRIVATE_PERSONAL_COPY_REFERENCE","CAREGIVER_SUPPORT_REFERENCE_NOT_SUBSTITUTE_FOR_URGENT_ASSESSMENT_OR_PERSON_SPECIFIC_PLAN","PDFINFO_PASS_pages=273_version=1.7_encrypted=no","PDFINFO_PASS;VISUAL_FIRST_PAGE_PASS","2026-09-04T06:30:00Z","Printable offline Ukrainian manual on dementia daily care behaviour change and caregiver self-care"
"who-managing-epidemics-2023","private-licensed/care-public-health/who-managing-epidemics-2023.pdf","Managing epidemics: key facts about major deadly diseases, second edition","World Health Organization","2023","en","Public-health professionals emergency planners and trained responders","https://www.who.int/publications/i/item/9789240083196","https://iris.who.int/server/api/core/bitstreams/30bef865-89b9-4394-befe-97a38da376fd/content","application/pdf","352","21623477","df117e1f581f5dcf10b01d8db75c2b8ab6ce3ff0ac7fd32a4676dac3b5cae0c1","","","","WHO publication; redistribution terms not fully reviewed for this local copy","https://www.who.int/publications/i/item/9789240083196","NOT_REVIEWED_FOR_REDISTRIBUTION","PRIVATE_PERSONAL_ARCHIVE_ONLY","PROFESSIONAL_EPIDEMIC_MANAGEMENT_REFERENCE","PRIVATE_PERSONAL_COPY_REFERENCE","PROFESSIONAL_PUBLIC_HEALTH_REFERENCE_NOT_HOUSEHOLD_PATHOGEN_IDENTIFICATION_OR_TREATMENT_PROTOCOL","PDFINFO_PASS_pages=352_version=1.7_encrypted=no","PDFINFO_PASS;VISUAL_FIRST_PAGE_PASS","2026-09-04T06:30:00Z","Use current DGS WHO outbreak instructions for the actual hazard; no culture or diagnosis of unknown samples"
"who-violence-clinical-2014","private-licensed/care-public-health/who-violence-clinical-handbook-2014.pdf","Health care for women subjected to intimate partner violence or sexual violence: a clinical handbook","World Health Organization","2014","en","Qualified health-care providers and clinical programme teams","https://www.who.int/publications/i/item/WHO-RHR-14.26","https://iris.who.int/server/api/core/bitstreams/3e906b26-c609-4a2f-9cf6-c1c42f186809/content","application/pdf","108","947995","ebc4d84b9d14ca4bd70632594075d9021b36503443b0ad2d5b4e78fd7f10e50f","","","","WHO publication; redistribution terms not fully reviewed for this local copy","https://www.who.int/publications/i/item/WHO-RHR-14.26","NOT_REVIEWED_FOR_REDISTRIBUTION","PRIVATE_PERSONAL_ARCHIVE_ONLY","PROFESSIONAL_VIOLENCE_SURVIVOR_CLINICAL_HANDBOOK","PRIVATE_PERSONAL_COPY_REFERENCE","PROFESSIONAL_CLINICAL_REFERENCE_NO_FORENSIC_DIY_NO_FORCED_DISCLOSURE_AND_NO_INTERNAL_INVESTIGATION","PDFINFO_PASS_pages=108_version=1.6_encrypted=no","PDFINFO_PASS;VISUAL_FIRST_PAGE_PASS","2026-09-04T06:30:00Z","Survivor-centred first-line support and clinical pathway reference; local emergency legal and specialist services take priority"
"anepc-tsunami-evacuation-2021","private-licensed/transport-evacuation/anepc-tsunami-evacuation-planning-guide.pdf","Guia de Referência para Planeamento de Evacuação em caso de Tsunami","Autoridade Nacional de Emergência e Proteção Civil","2021","pt","Portuguese municipal emergency planners communities and evacuation teams","https://prociv.gov.pt/pt/prevencao-e-preparacao/avaliacao-de-riscos/riscos-naturais/tsunamis/","https://prociv.gov.pt/media/yq0nelnl/ct_28_guia-de-refer%C3%AAncia-para-planeamento-de-evacua%C3%A7%C3%A3o-em-caso-de-tsunami.pdf","application/pdf","25","1866073","4ec19ac513dce68d97e4de719890f692f5316405b8e17b04fad453010f1eb11b","","","","ANEPC technical guide; redistribution terms not fully reviewed for this local copy","https://prociv.gov.pt/pt/prevencao-e-preparacao/avaliacao-de-riscos/riscos-naturais/tsunamis/","NOT_REVIEWED_FOR_REDISTRIBUTION","PRIVATE_PERSONAL_ARCHIVE_ONLY","PORTUGAL_TSUNAMI_EVACUATION_PLANNING_GUIDE","PRIVATE_PERSONAL_COPY_REFERENCE","PLANNING_REFERENCE_REQUIRES_LOCAL_HAZARD_MAP_ROUTE_FIELD_CHECK_AND_AUTHORITY_INSTRUCTIONS","PDFINFO_PASS_pages=25_version=1.4_encrypted=no","PDFINFO_PASS;VISUAL_FIRST_PAGE_PASS","2026-09-04T06:00:00Z","Includes threatened zones meeting points routes accessibility printed maps warning and regular drills; not a site-specific plan"
"imt-micromobility-v3-2021","private-licensed/transport-evacuation/imt-micromobility-v3.pdf","Micromobilidade V3","Instituto da Mobilidade e dos Transportes","2021","pt","Portuguese road users regulators planners and micromobility operators","https://www.imt-ip.pt/","https://www.imt-ip.pt/wp-content/uploads/2025/01/Micromobilidade_V3_VF.pdf","application/pdf","59","1083912","bd10d01332d2581725770f2f860e12edafffe3243cea8dd6e4b9f9b63199dd60","","","","IMT technical document; redistribution terms not fully reviewed for this local copy","https://www.imt-ip.pt/","NOT_REVIEWED_FOR_REDISTRIBUTION","PRIVATE_PERSONAL_ARCHIVE_ONLY","PORTUGAL_MICROMOBILITY_TECHNICAL_REFERENCE","PRIVATE_PERSONAL_COPY_REFERENCE","LEGAL_AND_TECHNICAL_REFERENCE_RECHECK_CURRENT_ROAD_CODE_AND_PRODUCT_MANUAL_BEFORE_USE","PDFINFO_PASS_pages=59_version=1.7_encrypted=no","PDFINFO_PASS;VISUAL_FIRST_PAGE_PASS","2026-09-04T06:00:00Z","Covers device categories construction lighting braking and circulation context; not a repair manual"
