"package_id","priority_tier","category","subcategory","title","publisher","languages","jurisdiction","canonical_url","acquisition_url","distribution_format","reader_or_runtime","size_class","license_expression","license_url","license_review_state","redistribution_state","attribution_required","authority_class","safety_class","content_review_state","section_review_state","download_state","downloaded_version","retrieved_at","local_path","byte_size","sha256","upstream_checksum_state","malware_scan_state","offline_open_state","search_index_state","update_class","review_due","retention_class","privacy_class","notes"
"PKG-KIWIX-READERS","L0","SOFTWARE","OFFLINE_READER","Kiwix Reader and Server","Kiwix","MULTI","GLOBAL","https://get.kiwix.org/en/solutions/applications/download-options/","https://get.kiwix.org/en/solutions/applications/download-options/","BINARIES_SOURCE","OS_SPECIFIC","SMALL","OPEN_SOURCE_COMPONENT_SPECIFIC","https://github.com/kiwix","PRELIMINARY_SOURCE_PAGE_ONLY","REVIEW_REQUIRED","VERIFY_PER_PACKAGE","OPEN_SOURCE_PROJECT","REFERENCE_GENERAL","NOT_REVIEWED","NOT_REVIEWED","NOT_DOWNLOADED","","","","","","NOT_CHECKED","NOT_SCANNED","NOT_TESTED","NOT_INDEXED","6_MONTHS","","KEEP_LATEST_PLUS_SUPERSEDED_HISTORY","PUBLIC_OR_LICENSE_RESTRICTED","Контент каждого ZIM лицензируется отдельно"
"PKG-KIWIX-CATALOG","L1","CATALOG","ZIM_OPDS","Kiwix library catalog","Kiwix","MULTI","GLOBAL","https://library.kiwix.org/","https://library.kiwix.org/catalog/v2/root.xml","OPDS_XML","BROWSER_KIWIX","SMALL","CATALOG_AND_CONTENT_SPECIFIC","https://library.kiwix.org/catalog/v2/root.xml","PRELIMINARY_SOURCE_PAGE_ONLY","REVIEW_REQUIRED","VERIFY_PER_PACKAGE","OPEN_PROJECT","REFERENCE_GENERAL","NOT_REVIEWED","NOT_REVIEWED","NOT_DOWNLOADED","","","","","","NOT_CHECKED","NOT_SCANNED","NOT_TESTED","NOT_INDEXED","MONTHLY","","KEEP_LATEST_PLUS_SUPERSEDED_HISTORY","PUBLIC_OR_LICENSE_RESTRICTED","Каталог не является content review"
"PKG-OPENZIM-LIBZIM","L2","SOFTWARE","ZIM_RUNTIME_SOURCE","libzim reference implementation","openZIM","EN","GLOBAL","https://github.com/openzim/libzim","https://github.com/openzim/libzim","SOURCE","CXX_BUILD","MEDIUM","GPL-2.0-or-later","https://github.com/openzim/libzim/blob/main/COPYING","PRELIMINARY_SOURCE_PAGE_ONLY","REVIEW_REQUIRED","VERIFY_PER_PACKAGE","OPEN_SOURCE_PROJECT","REFERENCE_GENERAL","NOT_REVIEWED","NOT_REVIEWED","NOT_DOWNLOADED","","","","","","NOT_CHECKED","NOT_SCANNED","NOT_TESTED","NOT_INDEXED","ANNUAL","","KEEP_LATEST_PLUS_SUPERSEDED_HISTORY","PUBLIC_OR_LICENSE_RESTRICTED",""
"PKG-WIKIPEDIA-EN-MINI","L2","ENCYCLOPEDIA","WIKIPEDIA_MINI","Wikipedia English mini or nopic ZIM","Wikimedia via Kiwix","EN","GLOBAL","https://library.kiwix.org/","https://library.kiwix.org/","ZIM","KIWIX","LARGE","CC-BY-SA_AND_GFDL_MEDIA_PER_ITEM","https://foundation.wikimedia.org/wiki/Policy:Terms_of_Use","PRELIMINARY_SOURCE_PAGE_ONLY","REVIEW_REQUIRED","VERIFY_PER_PACKAGE","COMMUNITY_ENCYCLOPEDIA","REFERENCE_ONLY","NOT_REVIEWED","NOT_REVIEWED","NOT_DOWNLOADED","","","","","","NOT_CHECKED","NOT_SCANNED","NOT_TESTED","NOT_INDEXED","6_TO_12_MONTHS","","KEEP_LATEST_PLUS_SUPERSEDED_HISTORY","PUBLIC_OR_LICENSE_RESTRICTED","Не operational medical or legal source"
"PKG-WIKIPEDIA-RU-MINI","L2","ENCYCLOPEDIA","WIKIPEDIA_MINI","Wikipedia Russian mini or nopic ZIM","Wikimedia via Kiwix","RU","GLOBAL","https://library.kiwix.org/","https://library.kiwix.org/","ZIM","KIWIX","LARGE","CC-BY-SA_AND_GFDL_MEDIA_PER_ITEM","https://foundation.wikimedia.org/wiki/Policy:Terms_of_Use","PRELIMINARY_SOURCE_PAGE_ONLY","REVIEW_REQUIRED","VERIFY_PER_PACKAGE","COMMUNITY_ENCYCLOPEDIA","REFERENCE_ONLY","NOT_REVIEWED","NOT_REVIEWED","NOT_DOWNLOADED","","","","","","NOT_CHECKED","NOT_SCANNED","NOT_TESTED","NOT_INDEXED","6_TO_12_MONTHS","","KEEP_LATEST_PLUS_SUPERSEDED_HISTORY","PUBLIC_OR_LICENSE_RESTRICTED",""
"PKG-WIKIPEDIA-PT-MINI","L2","ENCYCLOPEDIA","WIKIPEDIA_MINI","Wikipedia Portuguese mini or nopic ZIM","Wikimedia via Kiwix","PT","GLOBAL","https://library.kiwix.org/","https://library.kiwix.org/","ZIM","KIWIX","MEDIUM","CC-BY-SA_AND_GFDL_MEDIA_PER_ITEM","https://foundation.wikimedia.org/wiki/Policy:Terms_of_Use","PRELIMINARY_SOURCE_PAGE_ONLY","REVIEW_REQUIRED","VERIFY_PER_PACKAGE","COMMUNITY_ENCYCLOPEDIA","REFERENCE_ONLY","NOT_REVIEWED","NOT_REVIEWED","NOT_DOWNLOADED","","","","","","NOT_CHECKED","NOT_SCANNED","NOT_TESTED","NOT_INDEXED","6_TO_12_MONTHS","","KEEP_LATEST_PLUS_SUPERSEDED_HISTORY","PUBLIC_OR_LICENSE_RESTRICTED",""
"PKG-WIKIPEDIA-EN-MAXI","L3","ENCYCLOPEDIA","WIKIPEDIA_MAXI","Wikipedia English full with media ZIM","Wikimedia via Kiwix","EN","GLOBAL","https://library.kiwix.org/","https://library.kiwix.org/","ZIM","KIWIX","VERY_LARGE","CC-BY-SA_AND_GFDL_MEDIA_PER_ITEM","https://foundation.wikimedia.org/wiki/Policy:Terms_of_Use","PRELIMINARY_SOURCE_PAGE_ONLY","REVIEW_REQUIRED","VERIFY_PER_PACKAGE","COMMUNITY_ENCYCLOPEDIA","REFERENCE_ONLY","NOT_REVIEWED","NOT_REVIEWED","NOT_DOWNLOADED","","","","","","NOT_CHECKED","NOT_SCANNED","NOT_TESTED","NOT_INDEXED","6_TO_12_MONTHS","","KEEP_LATEST_PLUS_SUPERSEDED_HISTORY","PUBLIC_OR_LICENSE_RESTRICTED",""
"PKG-WIKIPEDIA-RU-MAXI","L3","ENCYCLOPEDIA","WIKIPEDIA_MAXI","Wikipedia Russian full with media ZIM","Wikimedia via Kiwix","RU","GLOBAL","https://library.kiwix.org/","https://library.kiwix.org/","ZIM","KIWIX","VERY_LARGE","CC-BY-SA_AND_GFDL_MEDIA_PER_ITEM","https://foundation.wikimedia.org/wiki/Policy:Terms_of_Use","PRELIMINARY_SOURCE_PAGE_ONLY","REVIEW_REQUIRED","VERIFY_PER_PACKAGE","COMMUNITY_ENCYCLOPEDIA","REFERENCE_ONLY","NOT_REVIEWED","NOT_REVIEWED","NOT_DOWNLOADED","","","","","","NOT_CHECKED","NOT_SCANNED","NOT_TESTED","NOT_INDEXED","6_TO_12_MONTHS","","KEEP_LATEST_PLUS_SUPERSEDED_HISTORY","PUBLIC_OR_LICENSE_RESTRICTED",""
"PKG-WIKIPEDIA-PT-MAXI","L3","ENCYCLOPEDIA","WIKIPEDIA_MAXI","Wikipedia Portuguese full with media ZIM","Wikimedia via Kiwix","PT","GLOBAL","https://library.kiwix.org/","https://library.kiwix.org/","ZIM","KIWIX","LARGE","CC-BY-SA_AND_GFDL_MEDIA_PER_ITEM","https://foundation.wikimedia.org/wiki/Policy:Terms_of_Use","PRELIMINARY_SOURCE_PAGE_ONLY","REVIEW_REQUIRED","VERIFY_PER_PACKAGE","COMMUNITY_ENCYCLOPEDIA","REFERENCE_ONLY","NOT_REVIEWED","NOT_REVIEWED","NOT_DOWNLOADED","","","","","","NOT_CHECKED","NOT_SCANNED","NOT_TESTED","NOT_INDEXED","6_TO_12_MONTHS","","KEEP_LATEST_PLUS_SUPERSEDED_HISTORY","PUBLIC_OR_LICENSE_RESTRICTED",""
"PKG-WIKTIONARY-EN","L2","LANGUAGE","DICTIONARY","Wiktionary English ZIM","Wikimedia via Kiwix","EN","GLOBAL","https://library.kiwix.org/","https://library.kiwix.org/","ZIM","KIWIX","LARGE","CC-BY-SA_GFDL_PER_PROJECT","https://foundation.wikimedia.org/wiki/Policy:Terms_of_Use","PRELIMINARY_SOURCE_PAGE_ONLY","REVIEW_REQUIRED","VERIFY_PER_PACKAGE","COMMUNITY_DICTIONARY","REFERENCE_ONLY","NOT_REVIEWED","NOT_REVIEWED","NOT_DOWNLOADED","","","","","","NOT_CHECKED","NOT_SCANNED","NOT_TESTED","NOT_INDEXED","ANNUAL","","KEEP_LATEST_PLUS_SUPERSEDED_HISTORY","PUBLIC_OR_LICENSE_RESTRICTED",""
"PKG-WIKTIONARY-RU","L2","LANGUAGE","DICTIONARY","Wiktionary Russian ZIM","Wikimedia via Kiwix","RU","GLOBAL","https://library.kiwix.org/","https://library.kiwix.org/","ZIM","KIWIX","MEDIUM","CC-BY-SA_GFDL_PER_PROJECT","https://foundation.wikimedia.org/wiki/Policy:Terms_of_Use","PRELIMINARY_SOURCE_PAGE_ONLY","REVIEW_REQUIRED","VERIFY_PER_PACKAGE","COMMUNITY_DICTIONARY","REFERENCE_ONLY","NOT_REVIEWED","NOT_REVIEWED","NOT_DOWNLOADED","","","","","","NOT_CHECKED","NOT_SCANNED","NOT_TESTED","NOT_INDEXED","ANNUAL","","KEEP_LATEST_PLUS_SUPERSEDED_HISTORY","PUBLIC_OR_LICENSE_RESTRICTED",""
"PKG-WIKTIONARY-PT","L2","LANGUAGE","DICTIONARY","Wiktionary Portuguese ZIM","Wikimedia via Kiwix","PT","GLOBAL","https://library.kiwix.org/","https://library.kiwix.org/","ZIM","KIWIX","MEDIUM","CC-BY-SA_GFDL_PER_PROJECT","https://foundation.wikimedia.org/wiki/Policy:Terms_of_Use","PRELIMINARY_SOURCE_PAGE_ONLY","REVIEW_REQUIRED","VERIFY_PER_PACKAGE","COMMUNITY_DICTIONARY","REFERENCE_ONLY","NOT_REVIEWED","NOT_REVIEWED","NOT_DOWNLOADED","","","","","","NOT_CHECKED","NOT_SCANNED","NOT_TESTED","NOT_INDEXED","ANNUAL","","KEEP_LATEST_PLUS_SUPERSEDED_HISTORY","PUBLIC_OR_LICENSE_RESTRICTED",""
"PKG-WIKIBOOKS","L3","EDUCATION","WIKIBOOKS","Selected Wikibooks RU PT EN","Wikimedia","RU|PT|EN","GLOBAL","https://dumps.wikimedia.org/","https://dumps.wikimedia.org/","ZIM_XML","KIWIX_OR_EXTRACTOR","LARGE","PROJECT_AND_ITEM_SPECIFIC","https://foundation.wikimedia.org/wiki/Policy:Terms_of_Use","PRELIMINARY_SOURCE_PAGE_ONLY","REVIEW_REQUIRED","VERIFY_PER_PACKAGE","COMMUNITY_EDUCATION","REFERENCE_ONLY","NOT_REVIEWED","NOT_REVIEWED","NOT_DOWNLOADED","","","","","","NOT_CHECKED","NOT_SCANNED","NOT_TESTED","NOT_INDEXED","ANNUAL","","KEEP_LATEST_PLUS_SUPERSEDED_HISTORY","PUBLIC_OR_LICENSE_RESTRICTED",""
"PKG-WIKISOURCE","L3","CULTURE","WIKISOURCE","Selected Wikisource RU PT EN","Wikimedia","RU|PT|EN","GLOBAL","https://dumps.wikimedia.org/","https://dumps.wikimedia.org/","ZIM_XML","KIWIX_OR_EXTRACTOR","LARGE","TEXT_AND_SOURCE_WORK_RIGHTS_SEPARATE","https://foundation.wikimedia.org/wiki/Policy:Terms_of_Use","PRELIMINARY_SOURCE_PAGE_ONLY","REVIEW_REQUIRED","VERIFY_PER_PACKAGE","COMMUNITY_CULTURE","REFERENCE_ONLY","NOT_REVIEWED","NOT_REVIEWED","NOT_DOWNLOADED","","","","","","NOT_CHECKED","NOT_SCANNED","NOT_TESTED","NOT_INDEXED","ANNUAL","","KEEP_LATEST_PLUS_SUPERSEDED_HISTORY","PUBLIC_OR_LICENSE_RESTRICTED","Portugal EU public-domain check per work and translation"
"PKG-WIKIVOYAGE","L2","NAVIGATION","TRAVEL_REFERENCE","Wikivoyage RU PT EN ZIM","Wikimedia via Kiwix","RU|PT|EN","GLOBAL","https://library.kiwix.org/","https://library.kiwix.org/","ZIM","KIWIX","MEDIUM","CC-BY-SA","https://foundation.wikimedia.org/wiki/Policy:Terms_of_Use","PRELIMINARY_SOURCE_PAGE_ONLY","REVIEW_REQUIRED","VERIFY_PER_PACKAGE","COMMUNITY_TRAVEL","DYNAMIC_REFERENCE_ONLY","NOT_REVIEWED","NOT_REVIEWED","NOT_DOWNLOADED","","","","","","NOT_CHECKED","NOT_SCANNED","NOT_TESTED","NOT_INDEXED","6_MONTHS","","KEEP_LATEST_PLUS_SUPERSEDED_HISTORY","PUBLIC_OR_LICENSE_RESTRICTED","Addresses borders and services can be stale"
"PKG-WIKIDATA-DUMP","L4","DATA","KNOWLEDGE_GRAPH","Wikidata entity dumps","Wikimedia","MULTI","GLOBAL","https://dumps.wikimedia.org/wikidatawiki/entities/","https://dumps.wikimedia.org/wikidatawiki/entities/","JSON_BZ2","CUSTOM_TOOLS","VERY_LARGE","CC0_DATA_WITH_ITEM_EXCEPTIONS","https://www.wikidata.org/wiki/Wikidata:Licensing","PRELIMINARY_SOURCE_PAGE_ONLY","REVIEW_REQUIRED","VERIFY_PER_PACKAGE","COMMUNITY_DATA","REFERENCE_ONLY","NOT_REVIEWED","NOT_REVIEWED","NOT_DOWNLOADED","","","","","","NOT_CHECKED","NOT_SCANNED","NOT_TESTED","NOT_INDEXED","MONTHLY","","KEEP_LATEST_PLUS_SUPERSEDED_HISTORY","PUBLIC_OR_LICENSE_RESTRICTED",""
"PKG-WIKIMEDIA-DUMPS","L4","ARCHIVE","RAW_PROJECT_DUMPS","Wikimedia database backup dumps","Wikimedia","MULTI","GLOBAL","https://dumps.wikimedia.org/backup-index.html","https://dumps.wikimedia.org/backup-index.html","XML_BZ2_GZ_SQL","CUSTOM_TOOLS","VERY_LARGE","PROJECT_AND_MEDIA_SPECIFIC","https://foundation.wikimedia.org/wiki/Policy:Terms_of_Use","PRELIMINARY_SOURCE_PAGE_ONLY","REVIEW_REQUIRED","VERIFY_PER_PACKAGE","COMMUNITY_ARCHIVE","REFERENCE_ONLY","NOT_REVIEWED","NOT_REVIEWED","NOT_DOWNLOADED","","","","","","NOT_CHECKED","NOT_SCANNED","NOT_TESTED","NOT_INDEXED","MONTHLY","","KEEP_LATEST_PLUS_SUPERSEDED_HISTORY","PUBLIC_OR_LICENSE_RESTRICTED",""
"PKG-GUTENBERG","L3","CULTURE","PUBLIC_DOMAIN_BOOKS","Project Gutenberg selected books","Project Gutenberg","MULTI","US_CATALOG_PT_EU_REVIEW","https://www.gutenberg.org/","https://www.gutenberg.org/","EPUB_HTML_TXT","EPUB_BROWSER","LARGE","US_PUBLIC_DOMAIN_ITEM_AND_TRADEMARK_TERMS","https://www.gutenberg.org/policy/license","PRELIMINARY_SOURCE_PAGE_ONLY","REVIEW_REQUIRED","VERIFY_PER_PACKAGE","CULTURAL_REPOSITORY","REFERENCE_ONLY","NOT_REVIEWED","NOT_REVIEWED","NOT_DOWNLOADED","","","","","","NOT_CHECKED","NOT_SCANNED","NOT_TESTED","NOT_INDEXED","PER_ITEM","","KEEP_LATEST_PLUS_SUPERSEDED_HISTORY","PUBLIC_OR_LICENSE_RESTRICTED","Portugal EU rights check required"
"PKG-STANDARD-EBOOKS","L2","CULTURE","CURATED_EBOOKS","Standard Ebooks selected titles","Standard Ebooks","EN","US_CATALOG_PT_EU_REVIEW","https://standardebooks.org/","https://standardebooks.org/","EPUB","EPUB_READER","MEDIUM","PUBLIC_DOMAIN_AND_PROJECT_TERMS_PER_TITLE","https://standardebooks.org/about/colophon","PRELIMINARY_SOURCE_PAGE_ONLY","REVIEW_REQUIRED","VERIFY_PER_PACKAGE","CULTURAL_PROJECT","REFERENCE_ONLY","NOT_REVIEWED","NOT_REVIEWED","NOT_DOWNLOADED","","","","","","NOT_CHECKED","NOT_SCANNED","NOT_TESTED","NOT_INDEXED","PER_ITEM","","KEEP_LATEST_PLUS_SUPERSEDED_HISTORY","PUBLIC_OR_LICENSE_RESTRICTED","Check author translation illustration rights in Portugal EU"
"PKG-OPENSTAX","L2","EDUCATION","TEXTBOOKS","Selected OpenStax textbooks","OpenStax","EN","GLOBAL","https://openstax.org/subjects","https://openstax.org/subjects","PDF_EPUB","PDF_EPUB_READER","LARGE","PER_TITLE_OFTEN_CC-BY-NC-SA-4.0","https://help.openstax.org/s/article/Licensing-information-of-OpenStax-textbooks","PRELIMINARY_SOURCE_PAGE_ONLY","REVIEW_REQUIRED","VERIFY_PER_PACKAGE","EDUCATION_PUBLISHER","REFERENCE_EDUCATION","NOT_REVIEWED","NOT_REVIEWED","NOT_DOWNLOADED","","","","","","NOT_CHECKED","NOT_SCANNED","NOT_TESTED","NOT_INDEXED","PER_EDITION","","KEEP_LATEST_PLUS_SUPERSEDED_HISTORY","PUBLIC_OR_LICENSE_RESTRICTED",""
"PKG-MIT-OCW","L3","EDUCATION","COURSEWARE","Selected MIT OpenCourseWare","MIT","EN","GLOBAL","https://ocw.mit.edu/","https://ocw.mit.edu/","HTML_PDF_VIDEO","BROWSER_MEDIA_PLAYER","VERY_LARGE","CC-BY-NC-SA-4.0_WITH_EXCLUSIONS","https://ocw.mit.edu/pages/privacy-and-terms-of-use/","PRELIMINARY_SOURCE_PAGE_ONLY","REVIEW_REQUIRED","VERIFY_PER_PACKAGE","UNIVERSITY","REFERENCE_EDUCATION","NOT_REVIEWED","NOT_REVIEWED","NOT_DOWNLOADED","","","","","","NOT_CHECKED","NOT_SCANNED","NOT_TESTED","NOT_INDEXED","PER_COURSE","","KEEP_LATEST_PLUS_SUPERSEDED_HISTORY","PUBLIC_OR_LICENSE_RESTRICTED",""
"PKG-PHET","L2","EDUCATION","SIMULATIONS","PhET regular HTML5 simulations","University of Colorado Boulder","MULTI","GLOBAL","https://phet.colorado.edu/","https://phet.colorado.edu/","HTML5","BROWSER","LARGE","CC-BY-NC-4.0_REGULAR_SIMS","https://phet.colorado.edu/en/licensing","PRELIMINARY_SOURCE_PAGE_ONLY","REVIEW_REQUIRED","VERIFY_PER_PACKAGE","UNIVERSITY","REFERENCE_EDUCATION","NOT_REVIEWED","NOT_REVIEWED","NOT_DOWNLOADED","","","","","","NOT_CHECKED","NOT_SCANNED","NOT_TESTED","NOT_INDEXED","ANNUAL","","KEEP_LATEST_PLUS_SUPERSEDED_HISTORY","PUBLIC_OR_LICENSE_RESTRICTED","PhET-iO and Studio excluded"
"PKG-KOLIBRI","L2","SOFTWARE","OFFLINE_LEARNING","Kolibri offline learning platform","Learning Equality","MULTI","GLOBAL","https://learningequality.org/kolibri/about-kolibri/","https://learningequality.org/kolibri/about-kolibri/","BINARIES_SOURCE_CHANNELS","LOCAL_SERVER_BROWSER","LARGE","SOFTWARE_OPEN_SOURCE_CONTENT_PER_CHANNEL","https://github.com/learningequality/kolibri","PRELIMINARY_SOURCE_PAGE_ONLY","REVIEW_REQUIRED","VERIFY_PER_PACKAGE","OPEN_SOURCE_NONPROFIT","REFERENCE_EDUCATION","NOT_REVIEWED","NOT_REVIEWED","NOT_DOWNLOADED","","","","","","NOT_CHECKED","NOT_SCANNED","NOT_TESTED","NOT_INDEXED","6_MONTHS","","KEEP_LATEST_PLUS_SUPERSEDED_HISTORY","PUBLIC_OR_LICENSE_RESTRICTED",""
"PKG-WHO-PUBLICATIONS","L1","MEDICAL","WHO_PUBLICATIONS","Selected WHO current publications","WHO","MULTI","GLOBAL","https://www.who.int/publications","https://www.who.int/publications","PDF_HTML","PDF_BROWSER","LARGE","PER_ITEM_OFTEN_CC-BY-NC-SA-3.0-IGO_POST_2016","https://www.who.int/about/policies/publishing/copyright","PRELIMINARY_SOURCE_PAGE_ONLY","REVIEW_REQUIRED","VERIFY_PER_PACKAGE","INTERNATIONAL_AUTHORITY","PROFESSIONAL_REVIEW_REQUIRED","NOT_REVIEWED","NOT_REVIEWED","NOT_DOWNLOADED","","","","","","NOT_CHECKED","NOT_SCANNED","NOT_TESTED","NOT_INDEXED","QUARTERLY","","KEEP_LATEST_PLUS_SUPERSEDED_HISTORY","PUBLIC_OR_LICENSE_RESTRICTED","Third-party material and translation rules per item"
"PKG-WHO-IRIS","L2","MEDICAL","WHO_REPOSITORY","WHO IRIS selected repository packages","WHO","MULTI","GLOBAL","https://iris.who.int/","https://iris.who.int/","PDF_METADATA","PDF_BROWSER","VERY_LARGE","PER_ITEM","https://www.who.int/about/policies/publishing/copyright","PRELIMINARY_SOURCE_PAGE_ONLY","REVIEW_REQUIRED","VERIFY_PER_PACKAGE","INTERNATIONAL_AUTHORITY","PROFESSIONAL_REVIEW_REQUIRED","NOT_REVIEWED","NOT_REVIEWED","NOT_DOWNLOADED","","","","","","NOT_CHECKED","NOT_SCANNED","NOT_TESTED","NOT_INDEXED","QUARTERLY","","KEEP_LATEST_PLUS_SUPERSEDED_HISTORY","PUBLIC_OR_LICENSE_RESTRICTED",""
"PKG-WHO-EUROPE-RU","L1","MEDICAL","OFFICIAL_RUSSIAN","WHO Europe official Russian publications","WHO Europe","RU","EUROPE","https://www.who.int/europe/ru/publications","https://www.who.int/europe/ru/publications","PDF_HTML","PDF_BROWSER","LARGE","PER_ITEM","https://www.who.int/about/policies/publishing/copyright","PRELIMINARY_SOURCE_PAGE_ONLY","REVIEW_REQUIRED","VERIFY_PER_PACKAGE","INTERNATIONAL_AUTHORITY","PROFESSIONAL_REVIEW_REQUIRED","NOT_REVIEWED","NOT_REVIEWED","NOT_DOWNLOADED","","","","","","NOT_CHECKED","NOT_SCANNED","NOT_TESTED","NOT_INDEXED","QUARTERLY","","KEEP_LATEST_PLUS_SUPERSEDED_HISTORY","PUBLIC_OR_LICENSE_RESTRICTED",""
"PKG-DGS-PT","L1","MEDICAL","PORTUGAL_HEALTH_GUIDANCE","Selected current DGS guidance","Direção-Geral da Saúde","PT","PT","https://www.dgs.pt/","https://www.dgs.pt/normas-orientacoes-e-informacoes/normas-e-circulares-normativas","URL_METADATA_ONLY","BROWSER_WHEN_NETWORK_RETURNS","SMALL","ALL_RIGHTS_RESERVED_PERMISSION_OR_LEGAL_BASIS_REQUIRED","https://www.dgs.pt/","LOCAL_REPRODUCTION_RIGHTS_UNVERIFIED","DO_NOT_INGEST","YES_IF_AUTHORIZED","NATIONAL_AUTHORITY","LOCAL_MEDICAL_CURRENTNESS_REQUIRED","NOT_REVIEWED","NOT_REVIEWED","DO_NOT_INGEST","","","","","","NOT_CHECKED","NOT_SCANNED","NOT_TESTED","NOT_INDEXED","QUARTERLY","","KEEP_METADATA_AND_RIGHTS_EVIDENCE","PUBLIC_METADATA_ONLY","Payload запрещён до сохранённого разрешения или конкретного правового основания"
"PKG-INFARMED","L1","MEDICAL","MEDICINES_REGULATOR","INFARMED medicine and safety information","INFARMED","PT","PT","https://www.infarmed.pt/","https://extranet.infarmed.pt/INFOMED-fo/guia-condicoes-utilizacao.xhtml","URL_METADATA_ONLY","BROWSER_WHEN_NETWORK_RETURNS","SMALL","REPRODUCTION_REQUIRES_WRITTEN_PERMISSION","https://extranet.infarmed.pt/INFOMED-fo/guia-condicoes-utilizacao.xhtml","LOCAL_REPRODUCTION_RIGHTS_UNVERIFIED","DO_NOT_INGEST","YES_IF_AUTHORIZED","NATIONAL_REGULATOR","LOCAL_MEDICAL_CURRENTNESS_REQUIRED","NOT_REVIEWED","NOT_REVIEWED","DO_NOT_INGEST","","","","","","NOT_CHECKED","NOT_SCANNED","NOT_TESTED","NOT_INDEXED","MONTHLY","","KEEP_METADATA_AND_RIGHTS_EVIDENCE","PUBLIC_METADATA_ONLY","Infomed terms explicitly prohibit reproduction without written permission; no payload in offline corpus until evidence"
"PKG-ECDC","L1","MEDICAL","PUBLIC_HEALTH","Selected current ECDC publications and datasets","ECDC","EN","EU","https://www.ecdc.europa.eu/en/publications-data","https://www.ecdc.europa.eu/en/publications-data","PDF_CSV_HTML","PDF_SPREADSHEET_BROWSER","LARGE","EU_REUSE_WITH_ITEM_EXCEPTIONS","https://www.ecdc.europa.eu/en/copyright","PRELIMINARY_SOURCE_PAGE_ONLY","REVIEW_REQUIRED","VERIFY_PER_PACKAGE","EU_AUTHORITY","PUBLIC_HEALTH_CURRENTNESS_REQUIRED","NOT_REVIEWED","NOT_REVIEWED","NOT_DOWNLOADED","","","","","","NOT_CHECKED","NOT_SCANNED","NOT_TESTED","NOT_INDEXED","QUARTERLY","","KEEP_LATEST_PLUS_SUPERSEDED_HISTORY","PUBLIC_OR_LICENSE_RESTRICTED",""
"PKG-ERC-GUIDELINES","L1","MEDICAL","RESUSCITATION","Current European Resuscitation Council guidelines","ERC","EN","EU","https://www.erc.edu/science-research/guidelines/","https://www.erc.edu/science-research/guidelines/","PDF_HTML","PDF_BROWSER","MEDIUM","RIGHTS_REVIEW_REQUIRED","https://www.erc.edu/","PRELIMINARY_SOURCE_PAGE_ONLY","REVIEW_REQUIRED","VERIFY_PER_PACKAGE","PROFESSIONAL_BODY","TRAINING_AND_LOCAL_REVIEW_REQUIRED","NOT_REVIEWED","NOT_REVIEWED","NOT_DOWNLOADED","","","","","","NOT_CHECKED","NOT_SCANNED","NOT_TESTED","NOT_INDEXED","ON_NEW_GUIDELINE","","KEEP_LATEST_PLUS_SUPERSEDED_HISTORY","PUBLIC_OR_LICENSE_RESTRICTED",""
"PKG-CDC-PUBLIC","L2","MEDICAL","PUBLIC_GUIDANCE","Selected CDC public guidance","CDC","EN","US_REFERENCE","https://www.cdc.gov/","https://www.cdc.gov/","PDF_HTML","PDF_BROWSER","LARGE","US_GOV_WITH_THIRD_PARTY_EXCEPTIONS","https://www.cdc.gov/other/agencymaterials.html","PRELIMINARY_SOURCE_PAGE_ONLY","REVIEW_REQUIRED","VERIFY_PER_PACKAGE","NATIONAL_AUTHORITY","LOCAL_APPLICABILITY_REVIEW_REQUIRED","NOT_REVIEWED","NOT_REVIEWED","NOT_DOWNLOADED","","","","","","NOT_CHECKED","NOT_SCANNED","NOT_TESTED","NOT_INDEXED","QUARTERLY","","KEEP_LATEST_PLUS_SUPERSEDED_HISTORY","PUBLIC_OR_LICENSE_RESTRICTED",""
"PKG-FAO-REPOSITORY","L2","AGRICULTURE","FAO_KNOWLEDGE","Selected FAO Knowledge Repository publications","FAO","MULTI","GLOBAL","https://openknowledge.fao.org/","https://openknowledge.fao.org/","PDF_METADATA","PDF_BROWSER","VERY_LARGE","PER_ITEM_OFTEN_CC-BY-NC-SA-3.0-IGO","https://www.fao.org/publications/about-fao-publishing/permissions/","PRELIMINARY_SOURCE_PAGE_ONLY","REVIEW_REQUIRED","VERIFY_PER_PACKAGE","INTERNATIONAL_AUTHORITY","REFERENCE_WITH_LOCAL_REVIEW","NOT_REVIEWED","NOT_REVIEWED","NOT_DOWNLOADED","","","","","","NOT_CHECKED","NOT_SCANNED","NOT_TESTED","NOT_INDEXED","ANNUAL","","KEEP_LATEST_PLUS_SUPERSEDED_HISTORY","PUBLIC_OR_LICENSE_RESTRICTED",""
"PKG-FAO-AGRIS","L3","AGRICULTURE","BIBLIOGRAPHY","AGRIS metadata and permitted full-text links","FAO","MULTI","GLOBAL","https://agris.fao.org/","https://agris.fao.org/","METADATA_FULLTEXT_LINKS","BROWSER_DATABASE","VERY_LARGE","METADATA_AND_FULLTEXT_RIGHTS_SEPARATE","https://www.fao.org/knowledge-sharing/en","PRELIMINARY_SOURCE_PAGE_ONLY","REVIEW_REQUIRED","VERIFY_PER_PACKAGE","INTERNATIONAL_METADATA","DISCOVERY_ONLY","NOT_REVIEWED","NOT_REVIEWED","NOT_DOWNLOADED","","","","","","NOT_CHECKED","NOT_SCANNED","NOT_TESTED","NOT_INDEXED","ANNUAL","","KEEP_LATEST_PLUS_SUPERSEDED_HISTORY","PUBLIC_OR_LICENSE_RESTRICTED",""
"PKG-FAO-GENEBANK","L2","AGRICULTURE","SEEDS","FAO Genebank Standards","FAO","EN","GLOBAL","https://www.fao.org/4/i3394e/i3394e.pdf","https://www.fao.org/4/i3394e/i3394e.pdf","PDF","PDF_READER","SMALL","PER_PUBLICATION_REVIEW","https://www.fao.org/publications/about-fao-publishing/permissions/","PRELIMINARY_SOURCE_PAGE_ONLY","REVIEW_REQUIRED","VERIFY_PER_PACKAGE","INTERNATIONAL_AUTHORITY","PROFESSIONAL_REFERENCE","NOT_REVIEWED","NOT_REVIEWED","NOT_DOWNLOADED","","","","","","NOT_CHECKED","NOT_SCANNED","NOT_TESTED","NOT_INDEXED","ON_NEW_EDITION","","KEEP_LATEST_PLUS_SUPERSEDED_HISTORY","PUBLIC_OR_LICENSE_RESTRICTED",""
"PKG-WHO-WATER-SAFETY","L1","WATER","WATER_SAFETY_PLAN","WHO Water Safety Plan Manual second edition","WHO","EN","GLOBAL","https://www.who.int/publications/i/item/9789240067691","https://www.who.int/publications/i/item/9789240067691","PDF","PDF_READER","SMALL","PER_ITEM_WHO","https://www.who.int/about/policies/publishing/copyright","PRELIMINARY_SOURCE_PAGE_ONLY","REVIEW_REQUIRED","VERIFY_PER_PACKAGE","INTERNATIONAL_AUTHORITY","PROFESSIONAL_LOCAL_REVIEW_REQUIRED","NOT_REVIEWED","NOT_REVIEWED","NOT_DOWNLOADED","","","","","","NOT_CHECKED","NOT_SCANNED","NOT_TESTED","NOT_INDEXED","ON_NEW_EDITION","","KEEP_LATEST_PLUS_SUPERSEDED_HISTORY","PUBLIC_OR_LICENSE_RESTRICTED",""
"PKG-NCHFP","L2","FOOD","HOME_PRESERVATION","National Center for Home Food Preservation","University of Georgia USDA partners","EN","US_REFERENCE","https://nchfp.uga.edu/","https://nchfp.uga.edu/","HTML_PDF","BROWSER_PDF","MEDIUM","RIGHTS_PER_PAGE_PUBLICATION","https://nchfp.uga.edu/","PRELIMINARY_SOURCE_PAGE_ONLY","REVIEW_REQUIRED","VERIFY_PER_PACKAGE","UNIVERSITY_EXTENSION","LOCAL_FOOD_SAFETY_REVIEW_REQUIRED","NOT_REVIEWED","NOT_REVIEWED","NOT_DOWNLOADED","","","","","","NOT_CHECKED","NOT_SCANNED","NOT_TESTED","NOT_INDEXED","ANNUAL","","KEEP_LATEST_PLUS_SUPERSEDED_HISTORY","PUBLIC_OR_LICENSE_RESTRICTED",""
"PKG-HSE-SAFETY","L2","ENGINEERING","WORK_SAFETY","Selected HSE safety guidance","UK Health and Safety Executive","EN","UK_REFERENCE","https://www.hse.gov.uk/","https://www.hse.gov.uk/","PDF_HTML","PDF_BROWSER","LARGE","UK_CROWN_COPYRIGHT_WITH_TERMS","https://www.hse.gov.uk/help/copyright.htm","PRELIMINARY_SOURCE_PAGE_ONLY","REVIEW_REQUIRED","VERIFY_PER_PACKAGE","NATIONAL_AUTHORITY","LOCAL_LAW_AND_COMPETENCE_REVIEW","NOT_REVIEWED","NOT_REVIEWED","NOT_DOWNLOADED","","","","","","NOT_CHECKED","NOT_SCANNED","NOT_TESTED","NOT_INDEXED","ANNUAL","","KEEP_LATEST_PLUS_SUPERSEDED_HISTORY","PUBLIC_OR_LICENSE_RESTRICTED",""
"PKG-NIST","L3","ENGINEERING","TECHNICAL_PUBLICATIONS","Selected NIST technical publications and software","NIST","EN","US_REFERENCE","https://www.nist.gov/publications","https://www.nist.gov/publications","PDF_DATA_SOFTWARE","MIXED","LARGE","US_GOV_AND_COMPONENT_SPECIFIC","https://www.nist.gov/open/copyright-fair-use-and-licensing-statements-srd-data-software-and-technical-series-publications","PRELIMINARY_SOURCE_PAGE_ONLY","REVIEW_REQUIRED","VERIFY_PER_PACKAGE","NATIONAL_STANDARDS_BODY","REFERENCE_GENERAL","NOT_REVIEWED","NOT_REVIEWED","NOT_DOWNLOADED","","","","","","NOT_CHECKED","NOT_SCANNED","NOT_TESTED","NOT_INDEXED","ANNUAL","","KEEP_LATEST_PLUS_SUPERSEDED_HISTORY","PUBLIC_OR_LICENSE_RESTRICTED",""
"PKG-OSM-PLANET","L4","MAPS","OPENSTREETMAP_DATA","OpenStreetMap planet or selected extracts","OpenStreetMap contributors","MULTI","GLOBAL","https://planet.openstreetmap.org/","https://planet.openstreetmap.org/","PBF_XML_DIFFS","GIS_TOOLS","VERY_LARGE","ODbL-1.0","https://www.openstreetmap.org/copyright","PRELIMINARY_SOURCE_PAGE_ONLY","REVIEW_REQUIRED","VERIFY_PER_PACKAGE","OPEN_DATA_PROJECT","MAP_DATA_NOT_ROUTE_PROOF","NOT_REVIEWED","NOT_REVIEWED","NOT_DOWNLOADED","","","","","","NOT_CHECKED","NOT_SCANNED","NOT_TESTED","NOT_INDEXED","MONTHLY","","KEEP_LATEST_PLUS_SUPERSEDED_HISTORY","PUBLIC_OR_LICENSE_RESTRICTED","Do not bulk mirror standard tile.openstreetmap.org tiles"
"PKG-GEOFABRIK-PT","L2","MAPS","OSM_PORTUGAL_EXTRACT","Portugal OpenStreetMap extract","Geofabrik based on OSM","MULTI","PT","https://download.geofabrik.de/europe/portugal.html","https://download.geofabrik.de/europe/portugal.html","PBF_SHP","GIS_TOOLS","MEDIUM","ODbL-1.0","https://www.openstreetmap.org/copyright","PRELIMINARY_SOURCE_PAGE_ONLY","REVIEW_REQUIRED","VERIFY_PER_PACKAGE","OPEN_DATA_DISTRIBUTOR","MAP_DATA_NOT_ROUTE_PROOF","NOT_REVIEWED","NOT_REVIEWED","NOT_DOWNLOADED","","","","","","NOT_CHECKED","NOT_SCANNED","NOT_TESTED","NOT_INDEXED","MONTHLY","","KEEP_LATEST_PLUS_SUPERSEDED_HISTORY","PUBLIC_OR_LICENSE_RESTRICTED",""
"PKG-NATURAL-EARTH","L2","MAPS","GLOBAL_BASEMAP","Natural Earth vector and raster data","Natural Earth","EN","GLOBAL","https://www.naturalearthdata.com/","https://www.naturalearthdata.com/","SHP_GEOPACKAGE_RASTER","GIS_TOOLS","MEDIUM","PUBLIC_DOMAIN","https://www.naturalearthdata.com/about/terms-of-use/","PRELIMINARY_SOURCE_PAGE_ONLY","REVIEW_REQUIRED","VERIFY_PER_PACKAGE","OPEN_DATA_PROJECT","OVERVIEW_NOT_LOCAL_NAVIGATION","NOT_REVIEWED","NOT_REVIEWED","NOT_DOWNLOADED","","","","","","NOT_CHECKED","NOT_SCANNED","NOT_TESTED","NOT_INDEXED","ON_RELEASE","","KEEP_LATEST_PLUS_SUPERSEDED_HISTORY","PUBLIC_OR_LICENSE_RESTRICTED",""
"PKG-SNIG-RNDG","L1","MAPS","PORTUGAL_GEODATA_CATALOG","SNIG RNDG official geodata catalog","Direção-Geral do Território","PT","PT","https://snig.dgterritorio.gov.pt/saber-mais/registo-nacional-de-dados-geograficos","https://snig.dgterritorio.gov.pt/saber-mais/registo-nacional-de-dados-geograficos","METADATA_OGC_DATASET_SPECIFIC","GIS_TOOLS","LARGE","PER_DATASET","https://snig.dgterritorio.gov.pt/","PRELIMINARY_SOURCE_PAGE_ONLY","REVIEW_REQUIRED","VERIFY_PER_PACKAGE","NATIONAL_AUTHORITY","DATASET_AND_LICENSE_REVIEW_REQUIRED","NOT_REVIEWED","NOT_REVIEWED","NOT_DOWNLOADED","","","","","","NOT_CHECKED","NOT_SCANNED","NOT_TESTED","NOT_INDEXED","ANNUAL","","KEEP_LATEST_PLUS_SUPERSEDED_HISTORY","PUBLIC_OR_LICENSE_RESTRICTED",""
"PKG-CAOP","L1","MAPS","ADMIN_BOUNDARIES","Carta Administrativa Oficial de Portugal","DGT","PT","PT","https://www.dgterritorio.gov.pt/atividades/cartografia/cartografia-tematica/caop","https://www.dgterritorio.gov.pt/atividades/cartografia/cartografia-tematica/caop","GIS","GIS_TOOLS","MEDIUM","OFFICIAL_DATASET_TERMS","https://www.dgterritorio.gov.pt/","PRELIMINARY_SOURCE_PAGE_ONLY","REVIEW_REQUIRED","VERIFY_PER_PACKAGE","NATIONAL_AUTHORITY","MAP_DATA_NOT_HAZARD_STATUS","NOT_REVIEWED","NOT_REVIEWED","NOT_DOWNLOADED","","","","","","NOT_CHECKED","NOT_SCANNED","NOT_TESTED","NOT_INDEXED","ANNUAL","","KEEP_LATEST_PLUS_SUPERSEDED_HISTORY","PUBLIC_OR_LICENSE_RESTRICTED",""
"PKG-APA-PGRI","L1","MAPS","FLOOD_RISK","Portugal flood risk planning layers","Agência Portuguesa do Ambiente","PT","PT_CONTINENTAL","https://apambiente.pt/agua/2o-ciclo-de-planeamento-2022-2027","https://apambiente.pt/agua/2o-ciclo-de-planeamento-2022-2027","GIS_PDF","GIS_PDF","LARGE","OFFICIAL_DATASET_TERMS","https://apambiente.pt/","PRELIMINARY_SOURCE_PAGE_ONLY","REVIEW_REQUIRED","VERIFY_PER_PACKAGE","NATIONAL_AUTHORITY","HAZARD_MAP_NOT_LIVE_EVENT","NOT_REVIEWED","NOT_REVIEWED","NOT_DOWNLOADED","","","","","","NOT_CHECKED","NOT_SCANNED","NOT_TESTED","NOT_INDEXED","6_MONTHS","","KEEP_LATEST_PLUS_SUPERSEDED_HISTORY","PUBLIC_OR_LICENSE_RESTRICTED",""
"PKG-ICNF-FIRE","L1","MAPS","WILDFIRE","ICNF wildfire and forestry geodata","ICNF","PT","PT_CONTINENTAL","https://geocatalogo.icnf.pt/catalogo_tema5.html","https://geocatalogo.icnf.pt/catalogo_tema5.html","GIS_METADATA","GIS_TOOLS","LARGE","PER_DATASET","https://www.icnf.pt/","PRELIMINARY_SOURCE_PAGE_ONLY","REVIEW_REQUIRED","VERIFY_PER_PACKAGE","NATIONAL_AUTHORITY","STRUCTURAL_RISK_NOT_ACTIVE_FIRE","NOT_REVIEWED","NOT_REVIEWED","NOT_DOWNLOADED","","","","","","NOT_CHECKED","NOT_SCANNED","NOT_TESTED","NOT_INDEXED","SEASONAL","","KEEP_LATEST_PLUS_SUPERSEDED_HISTORY","PUBLIC_OR_LICENSE_RESTRICTED",""
"PKG-IPMA","L1","CLIMATE","WEATHER_SEISMIC","IPMA selected climate seismic and tsunami materials","IPMA","PT","PT","https://www.ipma.pt/","https://www.ipma.pt/","PDF_DATA_HTML","MIXED","LARGE","OFFICIAL_SOURCE_TERMS","https://www.ipma.pt/","PRELIMINARY_SOURCE_PAGE_ONLY","REVIEW_REQUIRED","VERIFY_PER_PACKAGE","NATIONAL_AUTHORITY","DYNAMIC_SNAPSHOT","NOT_REVIEWED","NOT_REVIEWED","NOT_DOWNLOADED","","","","","","NOT_CHECKED","NOT_SCANNED","NOT_TESTED","NOT_INDEXED","EVENT_AND_ANNUAL","","KEEP_LATEST_PLUS_SUPERSEDED_HISTORY","PUBLIC_OR_LICENSE_RESTRICTED",""
"PKG-LNEG","L2","MAPS","GEOLOGY_HYDROGEOLOGY","LNEG geoscience datasets","LNEG","PT","PT","https://geoportal.lneg.pt/","https://geoportal.lneg.pt/","GIS_METADATA","GIS_TOOLS","LARGE","PER_DATASET","https://geoportal.lneg.pt/","PRELIMINARY_SOURCE_PAGE_ONLY","REVIEW_REQUIRED","VERIFY_PER_PACKAGE","NATIONAL_LAB","REGIONAL_MAP_NOT_SITE_ASSESSMENT","NOT_REVIEWED","NOT_REVIEWED","NOT_DOWNLOADED","","","","","","NOT_CHECKED","NOT_SCANNED","NOT_TESTED","NOT_INDEXED","ANNUAL","","KEEP_LATEST_PLUS_SUPERSEDED_HISTORY","PUBLIC_OR_LICENSE_RESTRICTED",""
"PKG-COPERNICUS-CLIMATE","L3","CLIMATE","CLIMATE_DATA","Copernicus Climate Data Store selected datasets","ECMWF Copernicus","EN","EU_GLOBAL","https://cds.climate.copernicus.eu/","https://cds.climate.copernicus.eu/","NETCDF_GRIB_CSV","SCIENTIFIC_GIS","VERY_LARGE","COPERNICUS_LICENSE_PER_DATASET","https://cds.climate.copernicus.eu/","PRELIMINARY_SOURCE_PAGE_ONLY","REVIEW_REQUIRED","VERIFY_PER_PACKAGE","EU_SERVICE","PROFESSIONAL_INTERPRETATION_REQUIRED","NOT_REVIEWED","NOT_REVIEWED","NOT_DOWNLOADED","","","","","","NOT_CHECKED","NOT_SCANNED","NOT_TESTED","NOT_INDEXED","ON_DATASET_RELEASE","","KEEP_LATEST_PLUS_SUPERSEDED_HISTORY","PUBLIC_OR_LICENSE_RESTRICTED",""
"PKG-IPCC-AR6","L2","CLIMATE","ASSESSMENT","IPCC Sixth Assessment Report","IPCC","MULTI","GLOBAL","https://www.ipcc.ch/report/sixth-assessment-report-cycle/","https://www.ipcc.ch/report/sixth-assessment-report-cycle/","PDF_DATA","PDF_READER","LARGE","IPCC_COPYRIGHT_TERMS","https://www.ipcc.ch/copyright/","PRELIMINARY_SOURCE_PAGE_ONLY","REVIEW_REQUIRED","VERIFY_PER_PACKAGE","INTERNATIONAL_ASSESSMENT","SCENARIO_NOT_ADDRESS_PREDICTION","NOT_REVIEWED","NOT_REVIEWED","NOT_DOWNLOADED","","","","","","NOT_CHECKED","NOT_SCANNED","NOT_TESTED","NOT_INDEXED","ON_ASSESSMENT","","KEEP_LATEST_PLUS_SUPERSEDED_HISTORY","PUBLIC_OR_LICENSE_RESTRICTED",""
"PKG-EURLEX-BULK","L2","LAW","EU_LAW","EUR-Lex bulk legal acts and Official Journal packages","Publications Office of the EU","MULTI","EU","https://eur-lex.europa.eu/content/help/data-reuse/reuse-contents-eurlex-details.html?locale=en","https://eur-lex.europa.eu/content/help/data-reuse/reuse-contents-eurlex-details.html?locale=en","FORMEX_XML_XHTML_PDF_HTML","BROWSER_XML_TOOLS","VERY_LARGE","EU_REUSE_CONDITIONS","https://commission.europa.eu/legal-notice_en","PRELIMINARY_SOURCE_PAGE_ONLY","REVIEW_REQUIRED","VERIFY_PER_PACKAGE","EU_OFFICIAL","CURRENTNESS_REQUIRED_ONLY_OJ_AUTHENTIC","NOT_REVIEWED","NOT_REVIEWED","NOT_DOWNLOADED","","","","","","NOT_CHECKED","NOT_SCANNED","NOT_TESTED","NOT_INDEXED","MONTHLY","","KEEP_LATEST_PLUS_SUPERSEDED_HISTORY","PUBLIC_OR_LICENSE_RESTRICTED",""
"PKG-DRE-PT","L1","LAW","PORTUGAL_LAW","Diário da República selected consolidated and official acts","Diário da República","PT","PT","https://diariodarepublica.pt/","https://diariodarepublica.pt/","URL_METADATA_ONLY","BROWSER_WHEN_NETWORK_RETURNS","SMALL","PORTUGAL_OFFICIAL_REUSE_REVIEW","https://diariodarepublica.pt/","LOCAL_REPRODUCTION_RIGHTS_UNVERIFIED","DO_NOT_INGEST","NO_UNTIL_AUTHORIZED","NATIONAL_OFFICIAL","LOCAL_LAW_CURRENTNESS_REQUIRED","NOT_REVIEWED","NOT_REVIEWED","DO_NOT_INGEST","","","","","","NOT_CHECKED","NOT_SCANNED","NOT_TESTED","NOT_INDEXED","MONTHLY","","KEEP_METADATA_AND_RIGHTS_EVIDENCE","PUBLIC_METADATA_ONLY","Payload запрещён до сохранённого разрешения или конкретного правового основания; офлайн-копия не доказывает текущую редакцию"
"PKG-DADOS-PT","L2","DATA","PORTUGAL_OPEN_DATA","dados.gov.pt selected datasets","AMA and dataset publishers","PT","PT","https://dados.gov.pt/pt/","https://dados.gov.pt/pt/","CSV_JSON_API_DATASET_SPECIFIC","MIXED","VERY_LARGE","PER_DATASET_OPEN_LICENSE","https://dados.gov.pt/pt/termos-de-utilizacao","PRELIMINARY_SOURCE_PAGE_ONLY","REVIEW_REQUIRED","VERIFY_PER_PACKAGE","GOVERNMENT_PORTAL","DATASET_SPECIFIC","NOT_REVIEWED","NOT_REVIEWED","NOT_DOWNLOADED","","","","","","NOT_CHECKED","NOT_SCANNED","NOT_TESTED","NOT_INDEXED","PER_DATASET","","KEEP_LATEST_PLUS_SUPERSEDED_HISTORY","PUBLIC_OR_LICENSE_RESTRICTED",""
"PKG-PT-PREDIAL","L1","LAW","PROPERTY_REGISTRY","Portugal property registry and BUPi procedures","Justiça.gov.pt","PT","PT","https://justica.gov.pt/Registos/Predial","https://justica.gov.pt/Registos/Predial","HTML_PDF_FORMS","BROWSER_PDF","MEDIUM","OFFICIAL_SITE_TERMS","https://justica.gov.pt/","PRELIMINARY_SOURCE_PAGE_ONLY","REVIEW_REQUIRED","VERIFY_PER_PACKAGE","NATIONAL_OFFICIAL","CURRENTNESS_AND_LEGAL_REVIEW_REQUIRED","NOT_REVIEWED","NOT_REVIEWED","NOT_DOWNLOADED","","","","","","NOT_CHECKED","NOT_SCANNED","NOT_TESTED","NOT_INDEXED","ANNUAL","","KEEP_LATEST_PLUS_SUPERSEDED_HISTORY","PUBLIC_OR_LICENSE_RESTRICTED",""
"PKG-EU-EJUSTICE-INHERITANCE","L2","LAW","SUCCESSION","European e-Justice inheritance information","European Commission","MULTI","EU","https://e-justice.europa.eu/topics/family-matters-inheritance/inheritance_en","https://e-justice.europa.eu/topics/family-matters-inheritance/inheritance_en","HTML_PDF","BROWSER_PDF","MEDIUM","EU_REUSE_CONDITIONS","https://commission.europa.eu/legal-notice_en","PRELIMINARY_SOURCE_PAGE_ONLY","REVIEW_REQUIRED","VERIFY_PER_PACKAGE","EU_OFFICIAL","LEGAL_ADVICE_REQUIRED","NOT_REVIEWED","NOT_REVIEWED","NOT_DOWNLOADED","","","","","","NOT_CHECKED","NOT_SCANNED","NOT_TESTED","NOT_INDEXED","ANNUAL","","KEEP_LATEST_PLUS_SUPERSEDED_HISTORY","PUBLIC_OR_LICENSE_RESTRICTED",""
"PKG-RFC-CORPUS","L3","STANDARDS","INTERNET_RFC","RFC Editor complete series","RFC Editor IETF Trust","EN","GLOBAL","https://www.rfc-editor.org/series/rfc-download/","https://www.rfc-editor.org/series/rfc-download/","TXT_XML_PDF","TEXT_PDF","LARGE","IETF_TRUST_LEGAL_PROVISIONS","https://trustee.ietf.org/documents/trust-legal-provisions/","PRELIMINARY_SOURCE_PAGE_ONLY","REVIEW_REQUIRED","VERIFY_PER_PACKAGE","STANDARDS_PUBLISHER","REFERENCE_TECHNICAL","NOT_REVIEWED","NOT_REVIEWED","NOT_DOWNLOADED","","","","","","NOT_CHECKED","NOT_SCANNED","NOT_TESTED","NOT_INDEXED","MONTHLY","","KEEP_LATEST_PLUS_SUPERSEDED_HISTORY","PUBLIC_OR_LICENSE_RESTRICTED",""
"PKG-DEBIAN-ISO","L2","SOFTWARE","OS_INSTALLER","Debian stable installation images and checksums","Debian Project","MULTI","GLOBAL","https://www.debian.org/distrib/","https://www.debian.org/distrib/","ISO_CHECKSUM_SIGNATURE","BOOTABLE_MEDIA","LARGE","DFSG_AND_PER_PACKAGE","https://www.debian.org/legal/licenses/","PRELIMINARY_SOURCE_PAGE_ONLY","REVIEW_REQUIRED","VERIFY_PER_PACKAGE","OPEN_SOURCE_PROJECT","RESTORE_SOFTWARE","NOT_REVIEWED","NOT_REVIEWED","NOT_DOWNLOADED","","","","","","NOT_CHECKED","NOT_SCANNED","NOT_TESTED","NOT_INDEXED","ON_STABLE_RELEASE","","KEEP_LATEST_PLUS_SUPERSEDED_HISTORY","PUBLIC_OR_LICENSE_RESTRICTED",""
"PKG-DEBIAN-MAIN","L3","SOFTWARE","PACKAGE_REPOSITORY","Debian main selected architecture mirror","Debian Project","MULTI","GLOBAL","https://www.debian.org/mirror/","https://www.debian.org/mirror/","DEB_SOURCE_METADATA","APT","VERY_LARGE","DFSG_PER_PACKAGE","https://www.debian.org/legal/licenses/","PRELIMINARY_SOURCE_PAGE_ONLY","REVIEW_REQUIRED","VERIFY_PER_PACKAGE","OPEN_SOURCE_PROJECT","RESTORE_SOFTWARE","NOT_REVIEWED","NOT_REVIEWED","NOT_DOWNLOADED","","","","","","NOT_CHECKED","NOT_SCANNED","NOT_TESTED","NOT_INDEXED","SECURITY_MONTHLY","","KEEP_LATEST_PLUS_SUPERSEDED_HISTORY","PUBLIC_OR_LICENSE_RESTRICTED",""
"PKG-DEBIAN-SNAPSHOT","L4","SOFTWARE","HISTORICAL_PACKAGES","Debian Snapshot selected reproducible package set","Debian Project","MULTI","GLOBAL","https://snapshot.debian.org/","https://snapshot.debian.org/","DEB_SOURCE_METADATA","APT","VERY_LARGE","PER_PACKAGE","https://www.debian.org/legal/licenses/","PRELIMINARY_SOURCE_PAGE_ONLY","REVIEW_REQUIRED","VERIFY_PER_PACKAGE","OPEN_SOURCE_PROJECT","HISTORICAL_NOT_SECURE_BY_DEFAULT","NOT_REVIEWED","NOT_REVIEWED","NOT_DOWNLOADED","","","","","","NOT_CHECKED","NOT_SCANNED","NOT_TESTED","NOT_INDEXED","PINNED_RELEASE","","KEEP_LATEST_PLUS_SUPERSEDED_HISTORY","PUBLIC_OR_LICENSE_RESTRICTED",""
"PKG-TESSERACT","L2","SOFTWARE","OCR","Tesseract OCR and language data","Tesseract contributors","MULTI","GLOBAL","https://tesseract-ocr.github.io/tessdoc/","https://tesseract-ocr.github.io/tessdoc/","BINARIES_SOURCE_MODELS","OS_SPECIFIC","MEDIUM","APACHE-2.0_COMPONENT_SPECIFIC","https://github.com/tesseract-ocr/tesseract/blob/main/LICENSE","PRELIMINARY_SOURCE_PAGE_ONLY","REVIEW_REQUIRED","VERIFY_PER_PACKAGE","OPEN_SOURCE_PROJECT","REFERENCE_TOOL","NOT_REVIEWED","NOT_REVIEWED","NOT_DOWNLOADED","","","","","","NOT_CHECKED","NOT_SCANNED","NOT_TESTED","NOT_INDEXED","ANNUAL","","KEEP_LATEST_PLUS_SUPERSEDED_HISTORY","PUBLIC_OR_LICENSE_RESTRICTED",""
"PKG-APACHE-TIKA","L2","SOFTWARE","TEXT_EXTRACTION","Apache Tika binaries source and docs","Apache Software Foundation","EN","GLOBAL","https://tika.apache.org/","https://tika.apache.org/","JAR_SOURCE_DOCS","JAVA","MEDIUM","APACHE-2.0","https://www.apache.org/licenses/LICENSE-2.0","PRELIMINARY_SOURCE_PAGE_ONLY","REVIEW_REQUIRED","VERIFY_PER_PACKAGE","OPEN_SOURCE_FOUNDATION","REFERENCE_TOOL","NOT_REVIEWED","NOT_REVIEWED","NOT_DOWNLOADED","","","","","","NOT_CHECKED","NOT_SCANNED","NOT_TESTED","NOT_INDEXED","ANNUAL","","KEEP_LATEST_PLUS_SUPERSEDED_HISTORY","PUBLIC_OR_LICENSE_RESTRICTED",""
"PKG-CALIBRE","L2","SOFTWARE","EBOOK_READER","calibre reader and source","calibre contributors","MULTI","GLOBAL","https://calibre-ebook.com/","https://calibre-ebook.com/","BINARIES_SOURCE","OS_SPECIFIC","MEDIUM","GPL-3.0_COMPONENT_SPECIFIC","https://github.com/kovidgoyal/calibre","PRELIMINARY_SOURCE_PAGE_ONLY","REVIEW_REQUIRED","VERIFY_PER_PACKAGE","OPEN_SOURCE_PROJECT","REFERENCE_TOOL","NOT_REVIEWED","NOT_REVIEWED","NOT_DOWNLOADED","","","","","","NOT_CHECKED","NOT_SCANNED","NOT_TESTED","NOT_INDEXED","ANNUAL","","KEEP_LATEST_PLUS_SUPERSEDED_HISTORY","PUBLIC_OR_LICENSE_RESTRICTED",""
"PKG-LIBREOFFICE","L2","SOFTWARE","OFFICE_READER","LibreOffice offline installers help and source","The Document Foundation","MULTI","GLOBAL","https://www.libreoffice.org/download/download-libreoffice/","https://www.libreoffice.org/download/download-libreoffice/","BINARIES_HELP_SOURCE","OS_SPECIFIC","LARGE","MPL-2.0_LGPL_AND_COMPONENT_SPECIFIC","https://www.libreoffice.org/about-us/licenses/","PRELIMINARY_SOURCE_PAGE_ONLY","REVIEW_REQUIRED","VERIFY_PER_PACKAGE","OPEN_SOURCE_FOUNDATION","REFERENCE_TOOL","NOT_REVIEWED","NOT_REVIEWED","NOT_DOWNLOADED","","","","","","NOT_CHECKED","NOT_SCANNED","NOT_TESTED","NOT_INDEXED","ON_STABLE_RELEASE","","KEEP_LATEST_PLUS_SUPERSEDED_HISTORY","PUBLIC_OR_LICENSE_RESTRICTED",""
"PKG-PYTHON-DOCS","L2","SOFTWARE","PROGRAMMING_DOCS","Python offline documentation and source","Python Software Foundation","EN","GLOBAL","https://docs.python.org/3/download.html","https://docs.python.org/3/download.html","HTML_PDF_EPUB_SOURCE","BROWSER_PYTHON","MEDIUM","PSF_LICENSE","https://docs.python.org/3/license.html","PRELIMINARY_SOURCE_PAGE_ONLY","REVIEW_REQUIRED","VERIFY_PER_PACKAGE","OPEN_SOURCE_FOUNDATION","REFERENCE_TECHNICAL","NOT_REVIEWED","NOT_REVIEWED","NOT_DOWNLOADED","","","","","","NOT_CHECKED","NOT_SCANNED","NOT_TESTED","NOT_INDEXED","ON_FEATURE_RELEASE","","KEEP_LATEST_PLUS_SUPERSEDED_HISTORY","PUBLIC_OR_LICENSE_RESTRICTED",""
"PKG-SOFTWARE-HERITAGE","L4","SOFTWARE","SOURCE_ARCHIVE_REFERENCE","Software Heritage archive identifiers and selected critical source","Software Heritage","MULTI","GLOBAL","https://www.softwareheritage.org/","https://www.softwareheritage.org/","API_ARCHIVE_SELECTED_BUNDLES","CUSTOM_TOOLS","VERY_LARGE","SOURCE_LICENSES_PER_PROJECT","https://www.softwareheritage.org/legal/","PRELIMINARY_SOURCE_PAGE_ONLY","REVIEW_REQUIRED","VERIFY_PER_PACKAGE","NONPROFIT_ARCHIVE","EXTERNAL_REDUNDANCY","NOT_REVIEWED","NOT_REVIEWED","NOT_DOWNLOADED","","","","","","NOT_CHECKED","NOT_SCANNED","NOT_TESTED","NOT_INDEXED","PER_PROJECT","","KEEP_LATEST_PLUS_SUPERSEDED_HISTORY","PUBLIC_OR_LICENSE_RESTRICTED",""
"PKG-PRONOM","L2","ARCHIVE","FORMAT_REGISTRY","PRONOM technical registry","The National Archives UK","EN","GLOBAL","https://www.nationalarchives.gov.uk/pronom/","https://www.nationalarchives.gov.uk/pronom/","XML_CSV_WEB","BROWSER_TOOLS","MEDIUM","UK_GOV_TERMS","https://www.nationalarchives.gov.uk/legal/copyright/","PRELIMINARY_SOURCE_PAGE_ONLY","REVIEW_REQUIRED","VERIFY_PER_PACKAGE","NATIONAL_ARCHIVE","PRESERVATION_REFERENCE","NOT_REVIEWED","NOT_REVIEWED","NOT_DOWNLOADED","","","","","","NOT_CHECKED","NOT_SCANNED","NOT_TESTED","NOT_INDEXED","ANNUAL","","KEEP_LATEST_PLUS_SUPERSEDED_HISTORY","PUBLIC_OR_LICENSE_RESTRICTED",""
"PKG-LOC-RFS","L1","ARCHIVE","FORMAT_GUIDANCE","Library of Congress Recommended Formats Statement","Library of Congress","EN","US_REFERENCE","https://www.loc.gov/preservation/resources/rfs/","https://www.loc.gov/preservation/resources/rfs/","HTML_PDF","BROWSER_PDF","SMALL","US_GOV_WITH_EXCEPTIONS","https://www.loc.gov/legal/","PRELIMINARY_SOURCE_PAGE_ONLY","REVIEW_REQUIRED","VERIFY_PER_PACKAGE","NATIONAL_LIBRARY","PRESERVATION_REFERENCE","NOT_REVIEWED","NOT_REVIEWED","NOT_DOWNLOADED","","","","","","NOT_CHECKED","NOT_SCANNED","NOT_TESTED","NOT_INDEXED","ANNUAL","","KEEP_LATEST_PLUS_SUPERSEDED_HISTORY","PUBLIC_OR_LICENSE_RESTRICTED",""
"PKG-NDSA-LEVELS","L1","ARCHIVE","PRESERVATION_LEVELS","NDSA Levels of Digital Preservation","NDSA","EN","GLOBAL","https://www.ndsa.org/publications/levels-of-digital-preservation/","https://www.ndsa.org/publications/levels-of-digital-preservation/","PDF_DOCX_HTML","PDF_BROWSER","SMALL","PER_PUBLICATION_OPEN_LICENSE_REVIEW","https://www.ndsa.org/","PRELIMINARY_SOURCE_PAGE_ONLY","REVIEW_REQUIRED","VERIFY_PER_PACKAGE","PROFESSIONAL_COMMUNITY","PRESERVATION_REFERENCE","NOT_REVIEWED","NOT_REVIEWED","NOT_DOWNLOADED","","","","","","NOT_CHECKED","NOT_SCANNED","NOT_TESTED","NOT_INDEXED","ON_RELEASE","","KEEP_LATEST_PLUS_SUPERSEDED_HISTORY","PUBLIC_OR_LICENSE_RESTRICTED",""
"PKG-BAGIT-RFC8493","L1","ARCHIVE","PACKAGING_STANDARD","RFC 8493 The BagIt File Packaging Format","RFC Editor","EN","GLOBAL","https://www.rfc-editor.org/rfc/rfc8493.html","https://www.rfc-editor.org/rfc/rfc8493.html","HTML_TXT_PDF_XML","BROWSER_TEXT","SMALL","IETF_TRUST_LEGAL_PROVISIONS","https://trustee.ietf.org/documents/trust-legal-provisions/","PRELIMINARY_SOURCE_PAGE_ONLY","REVIEW_REQUIRED","VERIFY_PER_PACKAGE","STANDARDS_PUBLISHER","PRESERVATION_REFERENCE","NOT_REVIEWED","NOT_REVIEWED","NOT_DOWNLOADED","","","","","","NOT_CHECKED","NOT_SCANNED","NOT_TESTED","NOT_INDEXED","ON_UPDATE","","KEEP_LATEST_PLUS_SUPERSEDED_HISTORY","PUBLIC_OR_LICENSE_RESTRICTED",""
"PKG-OAIS","L2","ARCHIVE","REFERENCE_MODEL","CCSDS OAIS Reference Model Issue 3","CCSDS","EN","GLOBAL","https://ccsds.org/Pubs/650x0m3.pdf","https://ccsds.org/Pubs/650x0m3.pdf","PDF","PDF_READER","MEDIUM","CCSDS_PUBLICATION_TERMS","https://ccsds.org/","PRELIMINARY_SOURCE_PAGE_ONLY","REVIEW_REQUIRED","VERIFY_PER_PACKAGE","STANDARDS_BODY","PRESERVATION_REFERENCE","NOT_REVIEWED","NOT_REVIEWED","NOT_DOWNLOADED","","","","","","NOT_CHECKED","NOT_SCANNED","NOT_TESTED","NOT_INDEXED","ON_REVISION","","KEEP_LATEST_PLUS_SUPERSEDED_HISTORY","PUBLIC_OR_LICENSE_RESTRICTED",""
"PKG-PUBMED","L4","SCIENCE","BIOMEDICAL_METADATA","PubMed baseline and updates","US National Library of Medicine","EN","GLOBAL","https://pubmed.ncbi.nlm.nih.gov/download/","https://pubmed.ncbi.nlm.nih.gov/download/","XML_GZ","DATABASE_TOOLS","VERY_LARGE","NLM_DATA_TERMS","https://www.nlm.nih.gov/databases/download/terms_and_conditions.html","PRELIMINARY_SOURCE_PAGE_ONLY","REVIEW_REQUIRED","VERIFY_PER_PACKAGE","NATIONAL_LIBRARY","DISCOVERY_ONLY_NOT_CLINICAL_ACTION","NOT_REVIEWED","NOT_REVIEWED","NOT_DOWNLOADED","","","","","","NOT_CHECKED","NOT_SCANNED","NOT_TESTED","NOT_INDEXED","ANNUAL_PLUS_DAILY","","KEEP_LATEST_PLUS_SUPERSEDED_HISTORY","PUBLIC_OR_LICENSE_RESTRICTED",""
"PKG-PMC-OA","L4","SCIENCE","OPEN_ACCESS_FULLTEXT","PubMed Central Open Access subset","US National Library of Medicine","EN","GLOBAL","https://pmc.ncbi.nlm.nih.gov/tools/ftp/","https://pmc.ncbi.nlm.nih.gov/tools/ftp/","XML_PDF_MEDIA","DATABASE_PDF","VERY_LARGE","PER_ARTICLE_LICENSE","https://pmc.ncbi.nlm.nih.gov/about/copyright/","PRELIMINARY_SOURCE_PAGE_ONLY","REVIEW_REQUIRED","VERIFY_PER_PACKAGE","NATIONAL_LIBRARY_REPOSITORY","RESEARCH_NOT_CLINICAL_ACTION","NOT_REVIEWED","NOT_REVIEWED","NOT_DOWNLOADED","","","","","","NOT_CHECKED","NOT_SCANNED","NOT_TESTED","NOT_INDEXED","MONTHLY","","KEEP_LATEST_PLUS_SUPERSEDED_HISTORY","PUBLIC_OR_LICENSE_RESTRICTED",""
"PKG-EUROPE-PMC","L4","SCIENCE","BIOMEDICAL_DISCOVERY","Europe PMC APIs and permitted full text","EMBL-EBI Europe PMC","EN","GLOBAL","https://europepmc.org/developers","https://europepmc.org/developers","API_XML_JSON_FULLTEXT_SUBSET","DATABASE_TOOLS","VERY_LARGE","METADATA_AND_FULLTEXT_RIGHTS_SEPARATE","https://europepmc.org/Terms","PRELIMINARY_SOURCE_PAGE_ONLY","REVIEW_REQUIRED","VERIFY_PER_PACKAGE","RESEARCH_INFRASTRUCTURE","DISCOVERY_ONLY_NOT_CLINICAL_ACTION","NOT_REVIEWED","NOT_REVIEWED","NOT_DOWNLOADED","","","","","","NOT_CHECKED","NOT_SCANNED","NOT_TESTED","NOT_INDEXED","MONTHLY","","KEEP_LATEST_PLUS_SUPERSEDED_HISTORY","PUBLIC_OR_LICENSE_RESTRICTED",""
"PKG-CROSSREF","L4","SCIENCE","SCHOLARLY_METADATA","Crossref metadata snapshot or API export","Crossref","MULTI","GLOBAL","https://www.crossref.org/documentation/retrieve-metadata/","https://www.crossref.org/documentation/retrieve-metadata/","JSON_XML","DATABASE_TOOLS","VERY_LARGE","METADATA_LICENSE_TERMS","https://www.crossref.org/documentation/retrieve-metadata/rest-api/rest-api-metadata-license-information/","PRELIMINARY_SOURCE_PAGE_ONLY","REVIEW_REQUIRED","VERIFY_PER_PACKAGE","SCHOLARLY_INFRASTRUCTURE","DISCOVERY_ONLY","NOT_REVIEWED","NOT_REVIEWED","NOT_DOWNLOADED","","","","","","NOT_CHECKED","NOT_SCANNED","NOT_TESTED","NOT_INDEXED","MONTHLY","","KEEP_LATEST_PLUS_SUPERSEDED_HISTORY","PUBLIC_OR_LICENSE_RESTRICTED",""
"PKG-EUROPEANA","L4","CULTURE","CULTURAL_METADATA","Europeana metadata and rights-labelled items","Europeana","MULTI","EU","https://www.europeana.eu/","https://www.europeana.eu/","API_JSON_MEDIA_LINKS","DATABASE_BROWSER","VERY_LARGE","METADATA_CC0_ITEMS_RIGHTS_LABELLED","https://www.europeana.eu/en/rights/europeana-data-sources","PRELIMINARY_SOURCE_PAGE_ONLY","REVIEW_REQUIRED","VERIFY_PER_PACKAGE","CULTURAL_INFRASTRUCTURE","REFERENCE_ONLY","NOT_REVIEWED","NOT_REVIEWED","NOT_DOWNLOADED","","","","","","NOT_CHECKED","NOT_SCANNED","NOT_TESTED","NOT_INDEXED","PER_ITEM","","KEEP_LATEST_PLUS_SUPERSEDED_HISTORY","PUBLIC_OR_LICENSE_RESTRICTED",""
"PKG-GBIF","L4","BIOLOGY","BIODIVERSITY_DATA","GBIF occurrence and species data","GBIF","MULTI","GLOBAL","https://www.gbif.org/","https://www.gbif.org/","DWCA_CSV_API","DATABASE_GIS","VERY_LARGE","DATASET_CC0_CC-BY_OR_CC-BY-NC","https://www.gbif.org/terms","PRELIMINARY_SOURCE_PAGE_ONLY","REVIEW_REQUIRED","VERIFY_PER_PACKAGE","SCIENTIFIC_INFRASTRUCTURE","IDENTIFICATION_NOT_EDIBILITY_PROOF","NOT_REVIEWED","NOT_REVIEWED","NOT_DOWNLOADED","","","","","","NOT_CHECKED","NOT_SCANNED","NOT_TESTED","NOT_INDEXED","PER_DATASET","","KEEP_LATEST_PLUS_SUPERSEDED_HISTORY","PUBLIC_OR_LICENSE_RESTRICTED",""
"PKG-UNESCO-ED2030","L2","EDUCATION","EDUCATION_FRAMEWORK","UNESCO Education 2030 Framework for Action","UNESCO","MULTI","GLOBAL","https://unesdoc.unesco.org/ark:/48223/pf0000245656","https://unesdoc.unesco.org/ark:/48223/pf0000245656","PDF","PDF_READER","SMALL","UNESCO_ITEM_TERMS","https://www.unesco.org/en/open-access","PRELIMINARY_SOURCE_PAGE_ONLY","REVIEW_REQUIRED","VERIFY_PER_PACKAGE","INTERNATIONAL_AUTHORITY","POLICY_REFERENCE","NOT_REVIEWED","NOT_REVIEWED","NOT_DOWNLOADED","","","","","","NOT_CHECKED","NOT_SCANNED","NOT_TESTED","NOT_INDEXED","ON_REVISION","","KEEP_LATEST_PLUS_SUPERSEDED_HISTORY","PUBLIC_OR_LICENSE_RESTRICTED",""
"PKG-UNDRR-SENDAI","L2","GOVERNANCE","DISASTER_RISK","Sendai Framework for Disaster Risk Reduction","UNDRR","MULTI","GLOBAL","https://www.undrr.org/publication/sendai-framework-disaster-risk-reduction-2015-2030","https://www.undrr.org/publication/sendai-framework-disaster-risk-reduction-2015-2030","PDF_HTML","PDF_BROWSER","SMALL","UN_ITEM_TERMS","https://www.un.org/en/about-us/terms-of-use","PRELIMINARY_SOURCE_PAGE_ONLY","REVIEW_REQUIRED","VERIFY_PER_PACKAGE","INTERNATIONAL_AUTHORITY","POLICY_REFERENCE","NOT_REVIEWED","NOT_REVIEWED","NOT_DOWNLOADED","","","","","","NOT_CHECKED","NOT_SCANNED","NOT_TESTED","NOT_INDEXED","ON_SUCCESSOR_FRAMEWORK","","KEEP_LATEST_PLUS_SUPERSEDED_HISTORY","PUBLIC_OR_LICENSE_RESTRICTED",""
"PKG-LOCAL-MANUALS","L0","MANUALS","EXACT_OWNED_MODELS","Manuals firmware parts and safety data for owned systems","Exact manufacturers","RU|PT|EN","LOCAL","TBD_PER_ACTUAL_ITEM","TBD_PER_ACTUAL_ITEM","PDF_HTML_BINARIES","MODEL_SPECIFIC","VARIABLE","PER_MANUFACTURER_AND_ITEM","TBD_PER_ACTUAL_ITEM","PRELIMINARY_SOURCE_PAGE_ONLY","REVIEW_REQUIRED","VERIFY_PER_PACKAGE","MANUFACTURER","MANUFACTURER_SPECIFIC_COMPETENCE_REQUIRED","NOT_REVIEWED","NOT_REVIEWED","NOT_DOWNLOADED","","","","","","NOT_CHECKED","NOT_SCANNED","NOT_TESTED","NOT_INDEXED","ON_PURCHASE_OR_UPDATE","","KEEP_LATEST_PLUS_SUPERSEDED_HISTORY","PUBLIC_OR_LICENSE_RESTRICTED","User input required; highest operational priority"
"PKG-LOCAL-RED-CORE","L0","EMERGENCY","HOUSEHOLD_RELEASED_CARDS","Address-specific red core and print masters","Household plus official sources","RU|PT|EN","PT_LOCAL","LOCAL_GENERATED_AFTER_REVIEW","LOCAL_GENERATED_AFTER_REVIEW","PDF_A_HTML_TXT_PRINT","BROWSER_PDF_PAPER","SMALL","DERIVATIVE_RIGHTS_AND_SOURCE_REVIEW","LOCAL_RIGHTS_LEDGER","PRELIMINARY_SOURCE_PAGE_ONLY","REVIEW_REQUIRED","VERIFY_PER_PACKAGE","LOCAL_REVIEWED","RELEASE_GATES_REQUIRED","NOT_REVIEWED","NOT_REVIEWED","NOT_DOWNLOADED","","","","","","NOT_CHECKED","NOT_SCANNED","NOT_TESTED","NOT_INDEXED","EVENT_AND_6_MONTHS","","KEEP_LATEST_PLUS_SUPERSEDED_HISTORY","PUBLIC_OR_LICENSE_RESTRICTED","Not created or released in v0.3"
