"instrument_id","category","instrument_ru","measures","unit","range_hint","resolution_hint","calibration_method","reference_required","interval","storage","maintenance","failure_signs","safety_class","prohibited_use","spare_strategy","manual_package_id","status","release_version"
"INS-001","METROLOGY","стальная линейка","длина","mm","TBD_PER_EXACT_TASK_AND_METHOD; не закупать/не применять по этой общей строке и не работать у края диапазона.","TBD_PER_EXACT_TASK_AND_METHOD; правило 10:1 — только planning hint, не универсальная спецификация точности.","проверка нуля и сравнение с прослеживаемым эталоном длины","TBD_PER_EXACT_INSTRUMENT: документированный эталон, контрольная точка или официальный сервис выбираются по методу/классу.","BEFORE_CRITICAL_USE|AFTER_DAMAGE|ANNUAL_OR_MANUFACTURER","чисто, сухо, защищено от удара/магнитов/температуры по manual","визуальный осмотр, батарея/расходник, очистка, журнал offset и следующей проверки","нестабильный ноль, дрейф, повреждение, невозможный результат, расхождение с контрольной точкой","S1_LOW_RISK_HOUSEHOLD","не использовать повреждённую кромку как режущий инструмент","две линейки разных производителей","PSP-116","CANDIDATE_NOT_INVENTORIED","0.4"
"INS-002","METROLOGY","рулетка","длина","mm|m","TBD_PER_EXACT_TASK_AND_METHOD; не закупать/не применять по этой общей строке и не работать у края диапазона.","TBD_PER_EXACT_TASK_AND_METHOD; правило 10:1 — только planning hint, не универсальная спецификация точности.","проверка нуля/зацепа и нескольких точек","TBD_PER_EXACT_INSTRUMENT: документированный эталон, контрольная точка или официальный сервис выбираются по методу/классу.","BEFORE_CRITICAL_USE|AFTER_DAMAGE|ANNUAL_OR_MANUFACTURER","чисто, сухо, защищено от удара/магнитов/температуры по manual","визуальный осмотр, батарея/расходник, очистка, журнал offset и следующей проверки","нестабильный ноль, дрейф, повреждение, невозможный результат, расхождение с контрольной точкой","S1_LOW_RISK_HOUSEHOLD","не отпускать ленту неконтролируемо","запасная рулетка и складной метр","PSP-116","CANDIDATE_NOT_INVENTORIED","0.4"
"INS-003","METROLOGY","штангенциркуль","наружный/внутренний размер","mm","TBD_PER_EXACT_TASK_AND_METHOD; не закупать/не применять по этой общей строке и не работать у края диапазона.","TBD_PER_EXACT_TASK_AND_METHOD; правило 10:1 — только planning hint, не универсальная спецификация точности.","очистка губок, zero check, проверочный блок","TBD_PER_EXACT_INSTRUMENT: документированный эталон, контрольная точка или официальный сервис выбираются по методу/классу.","BEFORE_CRITICAL_USE|AFTER_DAMAGE|ANNUAL_OR_MANUFACTURER","чисто, сухо, защищено от удара/магнитов/температуры по manual","визуальный осмотр, батарея/расходник, очистка, журнал offset и следующей проверки","нестабильный ноль, дрейф, повреждение, невозможный результат, расхождение с контрольной точкой","S1_LOW_RISK_HOUSEHOLD","не измерять вращающиеся/электрические части","механический плюс цифровой","PSP-116","CANDIDATE_NOT_INVENTORIED","0.4"
"INS-004","METROLOGY","микрометр","малый размер","mm","TBD_PER_EXACT_TASK_AND_METHOD; не закупать/не применять по этой общей строке и не работать у края диапазона.","TBD_PER_EXACT_TASK_AND_METHOD; правило 10:1 — только planning hint, не универсальная спецификация точности.","нулевой эталон/набор мер и трещотка","TBD_PER_EXACT_INSTRUMENT: документированный эталон, контрольная точка или официальный сервис выбираются по методу/классу.","BEFORE_CRITICAL_USE|AFTER_DAMAGE|ANNUAL_OR_MANUFACTURER","чисто, сухо, защищено от удара/магнитов/температуры по manual","визуальный осмотр, батарея/расходник, очистка, журнал offset и следующей проверки","нестабильный ноль, дрейф, повреждение, невозможный результат, расхождение с контрольной точкой","S2_TRAINED_SUPERVISED","не превышать усилие и диапазон","механический эталон","PSP-116","CANDIDATE_NOT_INVENTORIED","0.4"
"INS-005","METROLOGY","угольник","прямой угол","degree/pass-fail","TBD_PER_EXACT_TASK_AND_METHOD; не закупать/не применять по этой общей строке и не работать у края диапазона.","TBD_PER_EXACT_TASK_AND_METHOD; правило 10:1 — только planning hint, не универсальная спецификация точности.","flip test на прямой линии","TBD_PER_EXACT_INSTRUMENT: документированный эталон, контрольная точка или официальный сервис выбираются по методу/классу.","BEFORE_CRITICAL_USE|AFTER_DAMAGE|ANNUAL_OR_MANUFACTURER","чисто, сухо, защищено от удара/магнитов/температуры по manual","визуальный осмотр, батарея/расходник, очистка, журнал offset и следующей проверки","нестабильный ноль, дрейф, повреждение, невозможный результат, расхождение с контрольной точкой","S1_LOW_RISK_HOUSEHOLD","не применять как ударный инструмент","малый и строительный","PSP-116","CANDIDATE_NOT_INVENTORIED","0.4"
"INS-006","METROLOGY","уровень пузырьковый","наклон","mm/m","TBD_PER_EXACT_TASK_AND_METHOD; не закупать/не применять по этой общей строке и не работать у края диапазона.","TBD_PER_EXACT_TASK_AND_METHOD; правило 10:1 — только planning hint, не универсальная спецификация точности.","переворот на одной поверхности","TBD_PER_EXACT_INSTRUMENT: документированный эталон, контрольная точка или официальный сервис выбираются по методу/классу.","BEFORE_CRITICAL_USE|AFTER_DAMAGE|ANNUAL_OR_MANUFACTURER","чисто, сухо, защищено от удара/магнитов/температуры по manual","визуальный осмотр, батарея/расходник, очистка, журнал offset и следующей проверки","нестабильный ноль, дрейф, повреждение, невозможный результат, расхождение с контрольной точкой","S1_LOW_RISK_HOUSEHOLD","не использовать на высоте без защиты","короткий и длинный","PSP-116","CANDIDATE_NOT_INVENTORIED","0.4"
"INS-007","METROLOGY","цифровой угломер/инклинометр","угол/наклон","degree","TBD_PER_EXACT_TASK_AND_METHOD; не закупать/не применять по этой общей строке и не работать у края диапазона.","TBD_PER_EXACT_TASK_AND_METHOD; правило 10:1 — только planning hint, не универсальная спецификация точности.","zero на проверенной поверхности и reversal test","TBD_PER_EXACT_INSTRUMENT: документированный эталон, контрольная точка или официальный сервис выбираются по методу/классу.","BEFORE_CRITICAL_USE|AFTER_DAMAGE|ANNUAL_OR_MANUFACTURER","чисто, сухо, защищено от удара/магнитов/температуры по manual","визуальный осмотр, батарея/расходник, очистка, журнал offset и следующей проверки","нестабильный ноль, дрейф, повреждение, невозможный результат, расхождение с контрольной точкой","S1_LOW_RISK_HOUSEHOLD","не использовать как доказательство структурной безопасности","механический транспортир","PSP-116","CANDIDATE_NOT_INVENTORIED","0.4"
"INS-008","METROLOGY","набор калибровочных гирь","масса-эталон","g","TBD_PER_EXACT_TASK_AND_METHOD; не закупать/не применять по этой общей строке и не работать у края диапазона.","TBD_PER_EXACT_TASK_AND_METHOD; правило 10:1 — только planning hint, не универсальная спецификация точности.","сертификат/класс, чистота и контрольная карта","TBD_PER_EXACT_INSTRUMENT: документированный эталон, контрольная точка или официальный сервис выбираются по методу/классу.","BEFORE_CRITICAL_USE|AFTER_DAMAGE|ANNUAL_OR_MANUFACTURER","чисто, сухо, защищено от удара/магнитов/температуры по manual","визуальный осмотр, батарея/расходник, очистка, журнал offset и следующей проверки","нестабильный ноль, дрейф, повреждение, невозможный результат, расхождение с контрольной точкой","S1_LOW_RISK_HOUSEHOLD","не считать бытовые предметы прослеживаемым эталоном","две номинальные точки","PSP-116","CANDIDATE_NOT_INVENTORIED","0.4"
"INS-009","METROLOGY","весы кухонные","масса","g","TBD_PER_EXACT_TASK_AND_METHOD; не закупать/не применять по этой общей строке и не работать у края диапазона.","TBD_PER_EXACT_TASK_AND_METHOD; правило 10:1 — только planning hint, не универсальная спецификация точности.","zero, несколько гирь, повторяемость и corner-load","TBD_PER_EXACT_INSTRUMENT: документированный эталон, контрольная точка или официальный сервис выбираются по методу/классу.","BEFORE_CRITICAL_USE|AFTER_DAMAGE|ANNUAL_OR_MANUFACTURER","чисто, сухо, защищено от удара/магнитов/температуры по manual","визуальный осмотр, батарея/расходник, очистка, журнал offset и следующей проверки","нестабильный ноль, дрейф, повреждение, невозможный результат, расхождение с контрольной точкой","S1_LOW_RISK_HOUSEHOLD","не использовать для лекарственных доз","механические весы как fallback","PSP-116","CANDIDATE_NOT_INVENTORIED","0.4"
"INS-010","METROLOGY","весы платформенные","масса","kg","TBD_PER_EXACT_TASK_AND_METHOD; не закупать/не применять по этой общей строке и не работать у края диапазона.","TBD_PER_EXACT_TASK_AND_METHOD; правило 10:1 — только planning hint, не универсальная спецификация точности.","сертифицированные гири/сервис и repeatability","TBD_PER_EXACT_INSTRUMENT: документированный эталон, контрольная точка или официальный сервис выбираются по методу/классу.","BEFORE_CRITICAL_USE|AFTER_DAMAGE|ANNUAL_OR_MANUFACTURER","чисто, сухо, защищено от удара/магнитов/температуры по manual","визуальный осмотр, батарея/расходник, очистка, журнал offset и следующей проверки","нестабильный ноль, дрейф, повреждение, невозможный результат, расхождение с контрольной точкой","S2_TRAINED_SUPERVISED","не превышать нагрузку и не стоять под грузом","второй диапазон/сервис","PSP-116","CANDIDATE_NOT_INVENTORIED","0.4"
"INS-011","TIME","механические часы/секундомер","время","s","TBD_PER_EXACT_TASK_AND_METHOD; не закупать/не применять по этой общей строке и не работать у края диапазона.","TBD_PER_EXACT_TASK_AND_METHOD; правило 10:1 — только planning hint, не универсальная спецификация точности.","сравнение с двумя независимыми эталонами времени","TBD_PER_EXACT_INSTRUMENT: документированный эталон, контрольная точка или официальный сервис выбираются по методу/классу.","BEFORE_CRITICAL_USE|AFTER_DAMAGE|ANNUAL_OR_MANUFACTURER","чисто, сухо, защищено от удара/магнитов/температуры по manual","визуальный осмотр, батарея/расходник, очистка, журнал offset и следующей проверки","нестабильный ноль, дрейф, повреждение, невозможный результат, расхождение с контрольной точкой","S1_LOW_RISK_HOUSEHOLD","не использовать один дрейфующий источник как эталон","кварцевые часы + ради/GNSS при наличии","PSP-116","CANDIDATE_NOT_INVENTORIED","0.4"
"INS-012","TIME","RTC/частотный счётчик","частота/время","Hz|s","TBD_PER_EXACT_TASK_AND_METHOD; не закупать/не применять по этой общей строке и не работать у края диапазона.","TBD_PER_EXACT_TASK_AND_METHOD; правило 10:1 — только planning hint, не универсальная спецификация точности.","сравнение с прослеживаемым частотным источником","TBD_PER_EXACT_INSTRUMENT: документированный эталон, контрольная точка или официальный сервис выбираются по методу/классу.","BEFORE_CRITICAL_USE|AFTER_DAMAGE|ANNUAL_OR_MANUFACTURER","чисто, сухо, защищено от удара/магнитов/температуры по manual","визуальный осмотр, батарея/расходник, очистка, журнал offset и следующей проверки","нестабильный ноль, дрейф, повреждение, невозможный результат, расхождение с контрольной точкой","S2_TRAINED_SUPERVISED","не подключать к опасному напряжению","запасной модуль и опубликованный offset","PSP-116","CANDIDATE_NOT_INVENTORIED","0.4"
"INS-013","THERMAL","контактный цифровой термометр","температура","°C","TBD_PER_EXACT_TASK_AND_METHOD; не закупать/не применять по этой общей строке и не работать у края диапазона.","TBD_PER_EXACT_TASK_AND_METHOD; правило 10:1 — только planning hint, не универсальная спецификация точности.","ледяная точка/сертифицированный термостат и 2-точечная проверка","TBD_PER_EXACT_INSTRUMENT: документированный эталон, контрольная точка или официальный сервис выбираются по методу/классу.","BEFORE_CRITICAL_USE|AFTER_DAMAGE|ANNUAL_OR_MANUFACTURER","чисто, сухо, защищено от удара/магнитов/температуры по manual","визуальный осмотр, батарея/расходник, очистка, журнал offset и следующей проверки","нестабильный ноль, дрейф, повреждение, невозможный результат, расхождение с контрольной точкой","S1_LOW_RISK_HOUSEHOLD","не использовать бытовую калибровку для клинических решений","два датчика разных типов","PSP-116","CANDIDATE_NOT_INVENTORIED","0.4"
"INS-014","THERMAL","макс-мин термометр","температура","°C","TBD_PER_EXACT_TASK_AND_METHOD; не закупать/не применять по этой общей строке и не работать у края диапазона.","TBD_PER_EXACT_TASK_AND_METHOD; правило 10:1 — только planning hint, не универсальная спецификация точности.","сравнение с опорным датчиком в общей среде","TBD_PER_EXACT_INSTRUMENT: документированный эталон, контрольная точка или официальный сервис выбираются по методу/классу.","BEFORE_CRITICAL_USE|AFTER_DAMAGE|ANNUAL_OR_MANUFACTURER","чисто, сухо, защищено от удара/магнитов/температуры по manual","визуальный осмотр, батарея/расходник, очистка, журнал offset и следующей проверки","нестабильный ноль, дрейф, повреждение, невозможный результат, расхождение с контрольной точкой","S1_LOW_RISK_HOUSEHOLD","защищать от прямого солнца и влаги","аналоговый резерв","PSP-116","CANDIDATE_NOT_INVENTORIED","0.4"
"INS-015","THERMAL","термопара и считыватель","температура","°C","TBD_PER_EXACT_TASK_AND_METHOD; не закупать/не применять по этой общей строке и не работать у края диапазона.","TBD_PER_EXACT_TASK_AND_METHOD; правило 10:1 — только planning hint, не универсальная спецификация точности.","reference junction и сравнение по двум точкам","TBD_PER_EXACT_INSTRUMENT: документированный эталон, контрольная точка или официальный сервис выбираются по методу/классу.","BEFORE_CRITICAL_USE|AFTER_DAMAGE|ANNUAL_OR_MANUFACTURER","чисто, сухо, защищено от удара/магнитов/температуры по manual","визуальный осмотр, батарея/расходник, очистка, журнал offset и следующей проверки","нестабильный ноль, дрейф, повреждение, невозможный результат, расхождение с контрольной точкой","S2_TRAINED_SUPERVISED","не касаться электрически опасных/движущихся частей","запасные зонды","PSP-116","CANDIDATE_NOT_INVENTORIED","0.4"
"INS-016","THERMAL","ИК-термометр","температура поверхности","°C","TBD_PER_EXACT_TASK_AND_METHOD; не закупать/не применять по этой общей строке и не работать у края диапазона.","TBD_PER_EXACT_TASK_AND_METHOD; правило 10:1 — только planning hint, не универсальная спецификация точности.","blackbody/сравнительная поверхность и emissivity note","TBD_PER_EXACT_INSTRUMENT: документированный эталон, контрольная точка или официальный сервис выбираются по методу/классу.","BEFORE_CRITICAL_USE|AFTER_DAMAGE|ANNUAL_OR_MANUFACTURER","чисто, сухо, защищено от удара/магнитов/температуры по manual","визуальный осмотр, батарея/расходник, очистка, журнал offset и следующей проверки","нестабильный ноль, дрейф, повреждение, невозможный результат, расхождение с контрольной точкой","S1_LOW_RISK_HOUSEHOLD","не измеряет внутреннюю температуру и воздух; лазер не направлять в глаза","контактный термометр","PSP-116","CANDIDATE_NOT_INVENTORIED","0.4"
"INS-017","ENVIRONMENT","гигрометр","относительная влажность","%RH","TBD_PER_EXACT_TASK_AND_METHOD; не закупать/не применять по этой общей строке и не работать у края диапазона.","TBD_PER_EXACT_TASK_AND_METHOD; правило 10:1 — только planning hint, не универсальная спецификация точности.","сертифицированная salt-point/эталонная камера","TBD_PER_EXACT_INSTRUMENT: документированный эталон, контрольная точка или официальный сервис выбираются по методу/классу.","BEFORE_CRITICAL_USE|AFTER_DAMAGE|ANNUAL_OR_MANUFACTURER","чисто, сухо, защищено от удара/магнитов/температуры по manual","визуальный осмотр, батарея/расходник, очистка, журнал offset и следующей проверки","нестабильный ноль, дрейф, повреждение, невозможный результат, расхождение с контрольной точкой","S1_LOW_RISK_HOUSEHOLD","не считать дешёвый датчик эталоном без проверки","два датчика и психрометр","PSP-116","CANDIDATE_NOT_INVENTORIED","0.4"
"INS-018","ENVIRONMENT","барометр","давление","hPa","TBD_PER_EXACT_TASK_AND_METHOD; не закупать/не применять по этой общей строке и не работать у края диапазона.","TBD_PER_EXACT_TASK_AND_METHOD; правило 10:1 — только planning hint, не универсальная спецификация точности.","сравнение с официальной станцией с поправкой высоты","TBD_PER_EXACT_INSTRUMENT: документированный эталон, контрольная точка или официальный сервис выбираются по методу/классу.","BEFORE_CRITICAL_USE|AFTER_DAMAGE|ANNUAL_OR_MANUFACTURER","чисто, сухо, защищено от удара/магнитов/температуры по manual","визуальный осмотр, батарея/расходник, очистка, журнал offset и следующей проверки","нестабильный ноль, дрейф, повреждение, невозможный результат, расхождение с контрольной точкой","S1_LOW_RISK_HOUSEHOLD","не использовать для прогноза без контекста","механический и цифровой","PSP-116","CANDIDATE_NOT_INVENTORIED","0.4"
"INS-019","ENVIRONMENT","анемометр","скорость воздуха","m/s","TBD_PER_EXACT_TASK_AND_METHOD; не закупать/не применять по этой общей строке и не работать у края диапазона.","TBD_PER_EXACT_TASK_AND_METHOD; правило 10:1 — только planning hint, не универсальная спецификация точности.","сервис/сравнение в контролируемом потоке","TBD_PER_EXACT_INSTRUMENT: документированный эталон, контрольная точка или официальный сервис выбираются по методу/классу.","BEFORE_CRITICAL_USE|AFTER_DAMAGE|ANNUAL_OR_MANUFACTURER","чисто, сухо, защищено от удара/магнитов/температуры по manual","визуальный осмотр, батарея/расходник, очистка, журнал offset и следующей проверки","нестабильный ноль, дрейф, повреждение, невозможный результат, расхождение с контрольной точкой","S2_TRAINED_SUPERVISED","не измерять с крыши/у ЛЭП/в шторм","визуальные шкалы Beaufort как fallback","PSP-116","CANDIDATE_NOT_INVENTORIED","0.4"
"INS-020","ENVIRONMENT","дождемер","осадки","mm","TBD_PER_EXACT_TASK_AND_METHOD; не закупать/не применять по этой общей строке и не работать у края диапазона.","TBD_PER_EXACT_TASK_AND_METHOD; правило 10:1 — только planning hint, не универсальная спецификация точности.","объёмная проверка площади приёмника","TBD_PER_EXACT_INSTRUMENT: документированный эталон, контрольная точка или официальный сервис выбираются по методу/классу.","BEFORE_CRITICAL_USE|AFTER_DAMAGE|ANNUAL_OR_MANUFACTURER","чисто, сухо, защищено от удара/магнитов/температуры по manual","визуальный осмотр, батарея/расходник, очистка, журнал offset и следующей проверки","нестабильный ноль, дрейф, повреждение, невозможный результат, расхождение с контрольной точкой","S1_LOW_RISK_HOUSEHOLD","устанавливать без высотной работы","ручной резерв","PSP-116","CANDIDATE_NOT_INVENTORIED","0.4"
"INS-021","ENVIRONMENT","люксметр","освещённость","lx","TBD_PER_EXACT_TASK_AND_METHOD; не закупать/не применять по этой общей строке и не работать у края диапазона.","TBD_PER_EXACT_TASK_AND_METHOD; правило 10:1 — только planning hint, не универсальная спецификация точности.","сравнение с калиброванным прибором/лабораторией","TBD_PER_EXACT_INSTRUMENT: документированный эталон, контрольная точка или официальный сервис выбираются по методу/классу.","BEFORE_CRITICAL_USE|AFTER_DAMAGE|ANNUAL_OR_MANUFACTURER","чисто, сухо, защищено от удара/магнитов/температуры по manual","визуальный осмотр, батарея/расходник, очистка, журнал offset и следующей проверки","нестабильный ноль, дрейф, повреждение, невозможный результат, расхождение с контрольной точкой","S1_LOW_RISK_HOUSEHOLD","не измерять Солнце без допустимого диапазона","два сенсора/эталонная лампа по сроку","PSP-116","CANDIDATE_NOT_INVENTORIED","0.4"
"INS-022","ENVIRONMENT","шумомер класса по задаче","уровень звука","dB(A/C)","TBD_PER_EXACT_TASK_AND_METHOD; не закупать/не применять по этой общей строке и не работать у края диапазона.","TBD_PER_EXACT_TASK_AND_METHOD; правило 10:1 — только planning hint, не универсальная спецификация точности.","акустический калибратор до/после серии","TBD_PER_EXACT_INSTRUMENT: документированный эталон, контрольная точка или официальный сервис выбираются по методу/классу.","BEFORE_CRITICAL_USE|AFTER_DAMAGE|ANNUAL_OR_MANUFACTURER","чисто, сухо, защищено от удара/магнитов/температуры по manual","визуальный осмотр, батарея/расходник, очистка, журнал offset и следующей проверки","нестабильный ноль, дрейф, повреждение, невозможный результат, расхождение с контрольной точкой","S2_TRAINED_SUPERVISED","телефон — ориентир, не юридическое измерение","калибратор и второй прибор","PSP-116","CANDIDATE_NOT_INVENTORIED","0.4"
"INS-023","ENVIRONMENT","датчик CO2 NDIR","CO2","ppm","TBD_PER_EXACT_TASK_AND_METHOD; не закупать/не применять по этой общей строке и не работать у края диапазона.","TBD_PER_EXACT_TASK_AND_METHOD; правило 10:1 — только planning hint, не универсальная спецификация точности.","fresh-air check/сертифицированный газ у специалиста","TBD_PER_EXACT_INSTRUMENT: документированный эталон, контрольная точка или официальный сервис выбираются по методу/классу.","BEFORE_CRITICAL_USE|AFTER_DAMAGE|ANNUAL_OR_MANUFACTURER","чисто, сухо, защищено от удара/магнитов/температуры по manual","визуальный осмотр, батарея/расходник, очистка, журнал offset и следующей проверки","нестабильный ноль, дрейф, повреждение, невозможный результат, расхождение с контрольной точкой","S1_LOW_RISK_HOUSEHOLD","CO2 не заменяет датчик CO и не доказывает отсутствие инфекции","два NDIR разных партий","PSP-116","CANDIDATE_NOT_INVENTORIED","0.4"
"INS-024","ENVIRONMENT","сертифицированный бытовой CO alarm","CO alarm","ppm/alarm","TBD_PER_EXACT_TASK_AND_METHOD; не закупать/не применять по этой общей строке и не работать у края диапазона.","TBD_PER_EXACT_TASK_AND_METHOD; правило 10:1 — только planning hint, не универсальная спецификация точности.","только штатная test-кнопка/замена по сроку; газовые опыты запрещены","TBD_PER_EXACT_INSTRUMENT: документированный эталон, контрольная точка или официальный сервис выбираются по методу/классу.","BEFORE_CRITICAL_USE|AFTER_DAMAGE|ANNUAL_OR_MANUFACTURER","чисто, сухо, защищено от удара/магнитов/температуры по manual","визуальный осмотр, батарея/расходник, очистка, журнал offset и следующей проверки","нестабильный ноль, дрейф, повреждение, невозможный результат, расхождение с контрольной точкой","S1_LOW_RISK_HOUSEHOLD","никогда не тестировать выхлопом/огнём","несколько alarms по размещению","PSP-116","CANDIDATE_NOT_INVENTORIED","0.4"
"INS-025","ENVIRONMENT","PM2.5 монитор","массовая концентрация-оценка","µg/m³","TBD_PER_EXACT_TASK_AND_METHOD; не закупать/не применять по этой общей строке и не работать у края диапазона.","TBD_PER_EXACT_TASK_AND_METHOD; правило 10:1 — только planning hint, не универсальная спецификация точности.","co-location с референсом/контроль нуля по инструкции","TBD_PER_EXACT_INSTRUMENT: документированный эталон, контрольная точка или официальный сервис выбираются по методу/классу.","BEFORE_CRITICAL_USE|AFTER_DAMAGE|ANNUAL_OR_MANUFACTURER","чисто, сухо, защищено от удара/магнитов/температуры по manual","визуальный осмотр, батарея/расходник, очистка, журнал offset и следующей проверки","нестабильный ноль, дрейф, повреждение, невозможный результат, расхождение с контрольной точкой","S1_LOW_RISK_HOUSEHOLD","низкобюджетный сенсор не равен регуляторной станции","второй тип + официальный мониторинг","PSP-116","CANDIDATE_NOT_INVENTORIED","0.4"
"INS-026","WATER","мерный цилиндр/кувшин","объём","mL|L","TBD_PER_EXACT_TASK_AND_METHOD; не закупать/не применять по этой общей строке и не работать у края диапазона.","TBD_PER_EXACT_TASK_AND_METHOD; правило 10:1 — только planning hint, не универсальная спецификация точности.","гравиметрическая проверка водой при известной температуре","TBD_PER_EXACT_INSTRUMENT: документированный эталон, контрольная точка или официальный сервис выбираются по методу/классу.","BEFORE_CRITICAL_USE|AFTER_DAMAGE|ANNUAL_OR_MANUFACTURER","чисто, сухо, защищено от удара/магнитов/температуры по manual","визуальный осмотр, батарея/расходник, очистка, журнал offset и следующей проверки","нестабильный ноль, дрейф, повреждение, невозможный результат, расхождение с контрольной точкой","S1_LOW_RISK_HOUSEHOLD","не смешивать пищевую и химическую посуду","набор размеров","PSP-116","CANDIDATE_NOT_INVENTORIED","0.4"
"INS-027","WATER","расходомер низкого давления","расход","L/min","TBD_PER_EXACT_TASK_AND_METHOD; не закупать/не применять по этой общей строке и не работать у края диапазона.","TBD_PER_EXACT_TASK_AND_METHOD; правило 10:1 — только planning hint, не универсальная спецификация точности.","timed-volume comparison","TBD_PER_EXACT_INSTRUMENT: документированный эталон, контрольная точка или официальный сервис выбираются по методу/классу.","BEFORE_CRITICAL_USE|AFTER_DAMAGE|ANNUAL_OR_MANUFACTURER","чисто, сухо, защищено от удара/магнитов/температуры по manual","визуальный осмотр, батарея/расходник, очистка, журнал offset и следующей проверки","нестабильный ноль, дрейф, повреждение, невозможный результат, расхождение с контрольной точкой","S1_LOW_RISK_HOUSEHOLD","не подключать к газу/опасному давлению","ведро+секундомер","PSP-116","CANDIDATE_NOT_INVENTORIED","0.4"
"INS-028","WATER","манометр воды","давление","bar|kPa","TBD_PER_EXACT_TASK_AND_METHOD; не закупать/не применять по этой общей строке и не работать у края диапазона.","TBD_PER_EXACT_TASK_AND_METHOD; правило 10:1 — только planning hint, не универсальная спецификация точности.","deadweight/service calibration or comparison","TBD_PER_EXACT_INSTRUMENT: документированный эталон, контрольная точка или официальный сервис выбираются по методу/классу.","BEFORE_CRITICAL_USE|AFTER_DAMAGE|ANNUAL_OR_MANUFACTURER","чисто, сухо, защищено от удара/магнитов/температуры по manual","визуальный осмотр, батарея/расходник, очистка, журнал offset и следующей проверки","нестабильный ноль, дрейф, повреждение, невозможный результат, расхождение с контрольной точкой","S2_TRAINED_SUPERVISED","разгерметизировать; не применять к газовым/высоким давлениям","механический резерв","PSP-116","CANDIDATE_NOT_INVENTORIED","0.4"
"INS-029","WATER","pH-метр","pH","pH","TBD_PER_EXACT_TASK_AND_METHOD; не закупать/не применять по этой общей строке и не работать у края диапазона.","TBD_PER_EXACT_TASK_AND_METHOD; правило 10:1 — только planning hint, не универсальная спецификация точности.","2–3 свежих буфера, slope/offset log","TBD_PER_EXACT_INSTRUMENT: документированный эталон, контрольная точка или официальный сервис выбираются по методу/классу.","BEFORE_CRITICAL_USE|AFTER_DAMAGE|ANNUAL_OR_MANUFACTURER","чисто, сухо, защищено от удара/магнитов/температуры по manual","визуальный осмотр, батарея/расходник, очистка, журнал offset и следующей проверки","нестабильный ноль, дрейф, повреждение, невозможный результат, расхождение с контрольной точкой","S2_TRAINED_SUPERVISED","pH не доказывает питьевую безопасность","полоски как грубый fallback","PSP-116","CANDIDATE_NOT_INVENTORIED","0.4"
"INS-030","WATER","TDS/EC-метр","электропроводность","µS/cm","TBD_PER_EXACT_TASK_AND_METHOD; не закупать/не применять по этой общей строке и не работать у края диапазона.","TBD_PER_EXACT_TASK_AND_METHOD; правило 10:1 — только planning hint, не универсальная спецификация точности.","сертифицированный стандарт и температурная компенсация","TBD_PER_EXACT_INSTRUMENT: документированный эталон, контрольная точка или официальный сервис выбираются по методу/классу.","BEFORE_CRITICAL_USE|AFTER_DAMAGE|ANNUAL_OR_MANUFACTURER","чисто, сухо, защищено от удара/магнитов/температуры по manual","визуальный осмотр, батарея/расходник, очистка, журнал offset и следующей проверки","нестабильный ноль, дрейф, повреждение, невозможный результат, расхождение с контрольной точкой","S1_LOW_RISK_HOUSEHOLD","TDS не выявляет конкретные токсины/патогены","второй прибор/стандарт","PSP-116","CANDIDATE_NOT_INVENTORIED","0.4"
"INS-031","WATER","турбидиметр","мутность","NTU","TBD_PER_EXACT_TASK_AND_METHOD; не закупать/не применять по этой общей строке и не работать у края диапазона.","TBD_PER_EXACT_TASK_AND_METHOD; правило 10:1 — только planning hint, не универсальная спецификация точности.","сертифицированные standards и blank","TBD_PER_EXACT_INSTRUMENT: документированный эталон, контрольная точка или официальный сервис выбираются по методу/классу.","BEFORE_CRITICAL_USE|AFTER_DAMAGE|ANNUAL_OR_MANUFACTURER","чисто, сухо, защищено от удара/магнитов/температуры по manual","визуальный осмотр, батарея/расходник, очистка, журнал offset и следующей проверки","нестабильный ноль, дрейф, повреждение, невозможный результат, расхождение с контрольной точкой","S2_TRAINED_SUPERVISED","мутность не равна микробиологической безопасности","визуальная tube как fallback","PSP-116","CANDIDATE_NOT_INVENTORIED","0.4"
"INS-032","WATER","хлорный колориметр DPD","свободный/общий хлор","mg/L","TBD_PER_EXACT_TASK_AND_METHOD; не закупать/не применять по этой общей строке и не работать у края диапазона.","TBD_PER_EXACT_TASK_AND_METHOD; правило 10:1 — только planning hint, не универсальная спецификация точности.","blank, standards/verification kit и срок реагента","TBD_PER_EXACT_INSTRUMENT: документированный эталон, контрольная точка или официальный сервис выбираются по методу/классу.","BEFORE_CRITICAL_USE|AFTER_DAMAGE|ANNUAL_OR_MANUFACTURER","чисто, сухо, защищено от удара/магнитов/температуры по manual","визуальный осмотр, батарея/расходник, очистка, журнал offset и следующей проверки","нестабильный ноль, дрейф, повреждение, невозможный результат, расхождение с контрольной точкой","S2_TRAINED_SUPERVISED","не импровизировать дозирование; реагенты по SDS","запас реагентов и второй метод","PSP-116","CANDIDATE_NOT_INVENTORIED","0.4"
"INS-033","SOIL","почвенный бур/пробоотборник","глубина/проба","cm","TBD_PER_EXACT_TASK_AND_METHOD; не закупать/не применять по этой общей строке и не работать у края диапазона.","TBD_PER_EXACT_TASK_AND_METHOD; правило 10:1 — только planning hint, не универсальная спецификация точности.","разметка глубины и очистка между точками","TBD_PER_EXACT_INSTRUMENT: документированный эталон, контрольная точка или официальный сервис выбираются по методу/классу.","BEFORE_CRITICAL_USE|AFTER_DAMAGE|ANNUAL_OR_MANUFACTURER","чисто, сухо, защищено от удара/магнитов/температуры по manual","визуальный осмотр, батарея/расходник, очистка, журнал offset и следующей проверки","нестабильный ноль, дрейф, повреждение, невозможный результат, расхождение с контрольной точкой","S2_TRAINED_SUPERVISED","только ручная неглубокая проба после документированной clearance коммуникаций/загрязнения/склона; силовое бурение и неизвестная площадка запрещены","лопатка для неглубоких заранее разрешённых проб","PSP-116","CANDIDATE_NOT_INVENTORIED","0.4"
"INS-034","SOIL","сита для текстуры/агрегатов","размер частиц","mm","TBD_PER_EXACT_TASK_AND_METHOD; не закупать/не применять по этой общей строке и не работать у края диапазона.","TBD_PER_EXACT_TASK_AND_METHOD; правило 10:1 — только planning hint, не универсальная спецификация точности.","проверка маркировки/повреждения и контрольная смесь","TBD_PER_EXACT_INSTRUMENT: документированный эталон, контрольная точка или официальный сервис выбираются по методу/классу.","BEFORE_CRITICAL_USE|AFTER_DAMAGE|ANNUAL_OR_MANUFACTURER","чисто, сухо, защищено от удара/магнитов/температуры по manual","визуальный осмотр, батарея/расходник, очистка, журнал offset и следующей проверки","нестабильный ноль, дрейф, повреждение, невозможный результат, расхождение с контрольной точкой","S1_LOW_RISK_HOUSEHOLD","пыль — вентиляция/СИЗ; не анализировать подозрительные загрязнения","ручная текстурная оценка","PSP-116","CANDIDATE_NOT_INVENTORIED","0.4"
"INS-035","AGRI","тензиометр/датчик влажности почвы","водный потенциал/влажность","kPa|%","TBD_PER_EXACT_TASK_AND_METHOD; не закупать/не применять по этой общей строке и не работать у края диапазона.","TBD_PER_EXACT_TASK_AND_METHOD; правило 10:1 — только planning hint, не универсальная спецификация точности.","почвоспецифическая калибровка и gravimetric comparison","TBD_PER_EXACT_INSTRUMENT: документированный эталон, контрольная точка или официальный сервис выбираются по методу/классу.","BEFORE_CRITICAL_USE|AFTER_DAMAGE|ANNUAL_OR_MANUFACTURER","чисто, сухо, защищено от удара/магнитов/температуры по manual","визуальный осмотр, батарея/расходник, очистка, журнал offset и следующей проверки","нестабильный ноль, дрейф, повреждение, невозможный результат, расхождение с контрольной точкой","S1_LOW_RISK_HOUSEHOLD","не принимать универсальные проценты как истину","ручная проба + второй датчик","PSP-116","CANDIDATE_NOT_INVENTORIED","0.4"
"INS-036","AGRI","счётчик семян и лоток всхожести","всхожесть","%","TBD_PER_EXACT_TASK_AND_METHOD; не закупать/не применять по этой общей строке и не работать у края диапазона.","TBD_PER_EXACT_TASK_AND_METHOD; правило 10:1 — только planning hint, не универсальная спецификация точности.","известное количество, blind recount и control lot","TBD_PER_EXACT_INSTRUMENT: документированный эталон, контрольная точка или официальный сервис выбираются по методу/классу.","BEFORE_CRITICAL_USE|AFTER_DAMAGE|ANNUAL_OR_MANUFACTURER","чисто, сухо, защищено от удара/магнитов/температуры по manual","визуальный осмотр, батарея/расходник, очистка, журнал offset и следующей проверки","нестабильный ноль, дрейф, повреждение, невозможный результат, расхождение с контрольной точкой","S1_LOW_RISK_HOUSEHOLD","только законные/идентифицированные семена","ручной пересчёт","PSP-116","CANDIDATE_NOT_INVENTORIED","0.4"
"INS-037","AGRI","leaf-area scale/grid","площадь листа","cm²","TBD_PER_EXACT_TASK_AND_METHOD; не закупать/не применять по этой общей строке и не работать у края диапазона.","TBD_PER_EXACT_TASK_AND_METHOD; правило 10:1 — только planning hint, не универсальная спецификация точности.","геометрическая проверка grid/reference","TBD_PER_EXACT_INSTRUMENT: документированный эталон, контрольная точка или официальный сервис выбираются по методу/классу.","BEFORE_CRITICAL_USE|AFTER_DAMAGE|ANNUAL_OR_MANUFACTURER","чисто, сухо, защищено от удара/магнитов/температуры по manual","визуальный осмотр, батарея/расходник, очистка, журнал offset и следующей проверки","нестабильный ноль, дрейф, повреждение, невозможный результат, расхождение с контрольной точкой","S1_LOW_RISK_HOUSEHOLD","не повреждать охраняемые растения","фото с масштабом","PSP-116","CANDIDATE_NOT_INVENTORIED","0.4"
"INS-038","BIOLOGY","лупа 10x","морфология","dimensionless","TBD_PER_EXACT_TASK_AND_METHOD; не закупать/не применять по этой общей строке и не работать у края диапазона.","TBD_PER_EXACT_TASK_AND_METHOD; правило 10:1 — только planning hint, не универсальная спецификация точности.","проверка фокуса и scale card","TBD_PER_EXACT_INSTRUMENT: документированный эталон, контрольная точка или официальный сервис выбираются по методу/классу.","BEFORE_CRITICAL_USE|AFTER_DAMAGE|ANNUAL_OR_MANUFACTURER","чисто, сухо, защищено от удара/магнитов/температуры по manual","визуальный осмотр, батарея/расходник, очистка, журнал offset и следующей проверки","нестабильный ноль, дрейф, повреждение, невозможный результат, расхождение с контрольной точкой","S1_LOW_RISK_HOUSEHOLD","не направлять Солнце в глаза/на горючее","вторая лупа","PSP-116","CANDIDATE_NOT_INVENTORIED","0.4"
"INS-039","BIOLOGY","оптический микроскоп для готовых слайдов","изображение/масштаб","µm","TBD_PER_EXACT_TASK_AND_METHOD; не закупать/не применять по этой общей строке и не работать у края диапазона.","TBD_PER_EXACT_TASK_AND_METHOD; правило 10:1 — только planning hint, не универсальная спецификация точности.","stage micrometer и чистый known slide","TBD_PER_EXACT_INSTRUMENT: документированный эталон, контрольная точка или официальный сервис выбираются по методу/классу.","BEFORE_CRITICAL_USE|AFTER_DAMAGE|ANNUAL_OR_MANUFACTURER","чисто, сухо, защищено от удара/магнитов/температуры по manual","визуальный осмотр, батарея/расходник, очистка, журнал offset и следующей проверки","нестабильный ноль, дрейф, повреждение, невозможный результат, расхождение с контрольной точкой","S1_LOW_RISK_HOUSEHOLD","не культивировать/не исследовать неизвестные биообразцы","лупа+готовый атлас","PSP-116","CANDIDATE_NOT_INVENTORIED","0.4"
"INS-040","BIOLOGY","камера/фотоаппарат с scale card","изображение и время","px|mm","TBD_PER_EXACT_TASK_AND_METHOD; не закупать/не применять по этой общей строке и не работать у края диапазона.","TBD_PER_EXACT_TASK_AND_METHOD; правило 10:1 — только planning hint, не универсальная спецификация точности.","clock check, color/scale card and metadata","TBD_PER_EXACT_INSTRUMENT: документированный эталон, контрольная точка или официальный сервис выбираются по методу/классу.","BEFORE_CRITICAL_USE|AFTER_DAMAGE|ANNUAL_OR_MANUFACTURER","чисто, сухо, защищено от удара/магнитов/температуры по manual","визуальный осмотр, батарея/расходник, очистка, журнал offset и следующей проверки","нестабильный ноль, дрейф, повреждение, невозможный результат, расхождение с контрольной точкой","S1_LOW_RISK_HOUSEHOLD","приватность, геолокация чувствительных видов/людей","два формата и печатные выборки","PSP-116","CANDIDATE_NOT_INVENTORIED","0.4"
"INS-041","HEALTH","клинический цифровой термометр","температура тела","°C","TBD_PER_EXACT_TASK_AND_METHOD; не закупать/не применять по этой общей строке и не работать у края диапазона.","TBD_PER_EXACT_TASK_AND_METHOD; правило 10:1 — только planning hint, не универсальная спецификация точности.","штатная проверка/профессиональная поверка по назначению","TBD_PER_EXACT_INSTRUMENT: документированный эталон, контрольная точка или официальный сервис выбираются по методу/классу.","BEFORE_CRITICAL_USE|AFTER_DAMAGE|ANNUAL_OR_MANUFACTURER","чисто, сухо, защищено от удара/магнитов/температуры по manual","визуальный осмотр, батарея/расходник, очистка, журнал offset и следующей проверки","нестабильный ноль, дрейф, повреждение, невозможный результат, расхождение с контрольной точкой","S1_LOW_RISK_HOUSEHOLD","не интерпретировать вне инструкции/клинического контекста","второй одобренный прибор","PSP-116","CANDIDATE_NOT_INVENTORIED","0.4"
"INS-042","HEALTH","автоматический тонометр валидированной модели","давление/пульс","mmHg|bpm","TBD_PER_EXACT_TASK_AND_METHOD; не закупать/не применять по этой общей строке и не работать у края диапазона.","TBD_PER_EXACT_TASK_AND_METHOD; правило 10:1 — только planning hint, не универсальная спецификация точности.","проверка модели, манжеты и периодическое сравнение в клинике","TBD_PER_EXACT_INSTRUMENT: документированный эталон, контрольная точка или официальный сервис выбираются по методу/классу.","BEFORE_CRITICAL_USE|AFTER_DAMAGE|ANNUAL_OR_MANUFACTURER","чисто, сухо, защищено от удара/магнитов/температуры по manual","визуальный осмотр, батарея/расходник, очистка, журнал offset и следующей проверки","нестабильный ноль, дрейф, повреждение, невозможный результат, расхождение с контрольной точкой","S2_TRAINED_SUPERVISED","не менять лечение по одному измерению","запасная манжета/клиническая сверка","PSP-116","CANDIDATE_NOT_INVENTORIED","0.4"
"INS-043","HEALTH","пульсоксиметр","SpO2/пульс","%|bpm","TBD_PER_EXACT_TASK_AND_METHOD; не закупать/не применять по этой общей строке и не работать у края диапазона.","TBD_PER_EXACT_TASK_AND_METHOD; правило 10:1 — только planning hint, не универсальная спецификация точности.","functional check and professional comparison; limitations logged","TBD_PER_EXACT_INSTRUMENT: документированный эталон, контрольная точка или официальный сервис выбираются по методу/классу.","BEFORE_CRITICAL_USE|AFTER_DAMAGE|ANNUAL_OR_MANUFACTURER","чисто, сухо, защищено от удара/магнитов/температуры по manual","визуальный осмотр, батарея/расходник, очистка, журнал offset и следующей проверки","нестабильный ноль, дрейф, повреждение, невозможный результат, расхождение с контрольной точкой","S2_TRAINED_SUPERVISED","плохая перфузия/движение/лак и другие факторы искажают; не откладывать помощь","второй метод клинической оценки — специалист","PSP-116","CANDIDATE_NOT_INVENTORIED","0.4"
"INS-044","HEALTH","манекен BLS/AED trainer","навык","rubric/pass-fail","TBD_PER_EXACT_TASK_AND_METHOD; не закупать/не применять по этой общей строке и не работать у края диапазона.","TBD_PER_EXACT_TASK_AND_METHOD; правило 10:1 — только planning hint, не универсальная спецификация точности.","инструкторская проверка и расходники","TBD_PER_EXACT_INSTRUMENT: документированный эталон, контрольная точка или официальный сервис выбираются по методу/классу.","BEFORE_CRITICAL_USE|AFTER_DAMAGE|ANNUAL_OR_MANUFACTURER","чисто, сухо, защищено от удара/магнитов/температуры по manual","визуальный осмотр, батарея/расходник, очистка, журнал offset и следующей проверки","нестабильный ноль, дрейф, повреждение, невозможный результат, расхождение с контрольной точкой","S2_TRAINED_SUPERVISED","не тренироваться на человеке; trainer не является рабочим AED","регулярный курс/второй манекен","PSP-116","CANDIDATE_NOT_INVENTORIED","0.4"
"INS-045","ELECTRICAL","цифровой мультиметр CAT по задаче","V/A/Ω","V|A|Ω","TBD_PER_EXACT_TASK_AND_METHOD; не закупать/не применять по этой общей строке и не работать у края диапазона.","TBD_PER_EXACT_TASK_AND_METHOD; правило 10:1 — только planning hint, не универсальная спецификация точности.","proof source/service calibration; lead/fuse inspection","TBD_PER_EXACT_INSTRUMENT: документированный эталон, контрольная точка или официальный сервис выбираются по методу/классу.","BEFORE_CRITICAL_USE|AFTER_DAMAGE|ANNUAL_OR_MANUFACTURER","чисто, сухо, защищено от удара/магнитов/температуры по manual","визуальный осмотр, батарея/расходник, очистка, журнал offset и следующей проверки","нестабильный ноль, дрейф, повреждение, невозможный результат, расхождение с контрольной точкой","S2_TRAINED_SUPERVISED","базовый kit ограничен изолированным низким напряжением; mains — специалист","второй простой meter","PSP-116","CANDIDATE_NOT_INVENTORIED","0.4"
"INS-046","ELECTRICAL","регулируемый лабораторный БП с limit","напряжение/ток","V|A","TBD_PER_EXACT_TASK_AND_METHOD; не закупать/не применять по этой общей строке и не работать у края диапазона.","TBD_PER_EXACT_TASK_AND_METHOD; правило 10:1 — только planning hint, не универсальная спецификация точности.","сравнение с калиброванным meter и проверка current limit","TBD_PER_EXACT_INSTRUMENT: документированный эталон, контрольная точка или официальный сервис выбираются по методу/классу.","BEFORE_CRITICAL_USE|AFTER_DAMAGE|ANNUAL_OR_MANUFACTURER","чисто, сухо, защищено от удара/магнитов/температуры по manual","визуальный осмотр, батарея/расходник, очистка, журнал offset и следующей проверки","нестабильный ноль, дрейф, повреждение, невозможный результат, расхождение с контрольной точкой","S2_TRAINED_SUPERVISED","не заряжать неизвестные батареи/не питать тело","фиксированные защищённые адаптеры","PSP-116","CANDIDATE_NOT_INVENTORIED","0.4"
"INS-047","ELECTRICAL","USB power meter","энергия/ток","Wh|A|V","TBD_PER_EXACT_TASK_AND_METHOD; не закупать/не применять по этой общей строке и не работать у края диапазона.","TBD_PER_EXACT_TASK_AND_METHOD; правило 10:1 — только planning hint, не универсальная спецификация точности.","comparison with reference load/source","TBD_PER_EXACT_INSTRUMENT: документированный эталон, контрольная точка или официальный сервис выбираются по методу/классу.","BEFORE_CRITICAL_USE|AFTER_DAMAGE|ANNUAL_OR_MANUFACTURER","чисто, сухо, защищено от удара/магнитов/температуры по manual","визуальный осмотр, батарея/расходник, очистка, журнал offset и следующей проверки","нестабильный ноль, дрейф, повреждение, невозможный результат, расхождение с контрольной точкой","S1_LOW_RISK_HOUSEHOLD","не использовать на сети 230 V","второй meter/known load","PSP-116","CANDIDATE_NOT_INVENTORIED","0.4"
"INS-048","ELECTRICAL","DC electronic load low-power","нагрузка/энергия","A|W|Wh","TBD_PER_EXACT_TASK_AND_METHOD; не закупать/не применять по этой общей строке и не работать у края диапазона.","TBD_PER_EXACT_TASK_AND_METHOD; правило 10:1 — только planning hint, не универсальная спецификация точности.","reference meter and thermal check","TBD_PER_EXACT_INSTRUMENT: документированный эталон, контрольная точка или официальный сервис выбираются по методу/классу.","BEFORE_CRITICAL_USE|AFTER_DAMAGE|ANNUAL_OR_MANUFACTURER","чисто, сухо, защищено от удара/магнитов/температуры по manual","визуальный осмотр, батарея/расходник, очистка, журнал offset и следующей проверки","нестабильный ноль, дрейф, повреждение, невозможный результат, расхождение с контрольной точкой","S2_TRAINED_SUPERVISED","не превышать мощность; огнестойкая площадка и надзор","резистивные certified loads","PSP-116","CANDIDATE_NOT_INVENTORIED","0.4"
"INS-049","ELECTRICAL","осциллограф low-voltage isolated use","напряжение/время","V|s|Hz","TBD_PER_EXACT_TASK_AND_METHOD; не закупать/не применять по этой общей строке и не работать у края диапазона.","TBD_PER_EXACT_TASK_AND_METHOD; правило 10:1 — только planning hint, не универсальная спецификация точности.","internal cal output and service calibration","TBD_PER_EXACT_INSTRUMENT: документированный эталон, контрольная точка или официальный сервис выбираются по методу/классу.","BEFORE_CRITICAL_USE|AFTER_DAMAGE|ANNUAL_OR_MANUFACTURER","чисто, сухо, защищено от удара/магнитов/температуры по manual","визуальный осмотр, батарея/расходник, очистка, журнал offset и следующей проверки","нестабильный ноль, дрейф, повреждение, невозможный результат, расхождение с контрольной точкой","S2_TRAINED_SUPERVISED","не подключать ground clip к сети/неизолированным опасным цепям","logic analyzer/USB scope with limits","PSP-116","CANDIDATE_NOT_INVENTORIED","0.4"
"INS-050","ELECTRICAL","логический анализатор","цифровой сигнал","V logic|Hz","TBD_PER_EXACT_TASK_AND_METHOD; не закупать/не применять по этой общей строке и не работать у края диапазона.","TBD_PER_EXACT_TASK_AND_METHOD; правило 10:1 — только planning hint, не универсальная спецификация точности.","known pattern generator","TBD_PER_EXACT_INSTRUMENT: документированный эталон, контрольная точка или официальный сервис выбираются по методу/классу.","BEFORE_CRITICAL_USE|AFTER_DAMAGE|ANNUAL_OR_MANUFACTURER","чисто, сухо, защищено от удара/магнитов/температуры по manual","визуальный осмотр, батарея/расходник, очистка, журнал offset и следующей проверки","нестабильный ноль, дрейф, повреждение, невозможный результат, расхождение с контрольной точкой","S1_LOW_RISK_HOUSEHOLD","только безопасные logic levels","software decoder and spare probes","PSP-116","CANDIDATE_NOT_INVENTORIED","0.4"
"INS-051","ELECTRICAL","LCR-метр","R/L/C","Ω|H|F","TBD_PER_EXACT_TASK_AND_METHOD; не закупать/не применять по этой общей строке и не работать у края диапазона.","TBD_PER_EXACT_TASK_AND_METHOD; правило 10:1 — только planning hint, не универсальная спецификация точности.","open/short calibration and standards","TBD_PER_EXACT_INSTRUMENT: документированный эталон, контрольная точка или официальный сервис выбираются по методу/классу.","BEFORE_CRITICAL_USE|AFTER_DAMAGE|ANNUAL_OR_MANUFACTURER","чисто, сухо, защищено от удара/магнитов/температуры по manual","визуальный осмотр, батарея/расходник, очистка, журнал offset и следующей проверки","нестабильный ноль, дрейф, повреждение, невозможный результат, расхождение с контрольной точкой","S2_TRAINED_SUPERVISED","только новые известные малые низковольтные учебные компоненты; неизвестные/извлечённые capacitors, power electronics и in-circuit measurement запрещены","known low-energy components","PSP-116","CANDIDATE_NOT_INVENTORIED","0.4"
"INS-052","ELECTRICAL","низковольтный data logger","сенсорный ряд","SI by sensor","TBD_PER_EXACT_TASK_AND_METHOD; не закупать/не применять по этой общей строке и не работать у края диапазона.","TBD_PER_EXACT_TASK_AND_METHOD; правило 10:1 — только planning hint, не универсальная спецификация точности.","reference points per channel and clock sync","TBD_PER_EXACT_INSTRUMENT: документированный эталон, контрольная точка или официальный сервис выбираются по методу/классу.","BEFORE_CRITICAL_USE|AFTER_DAMAGE|ANNUAL_OR_MANUFACTURER","чисто, сухо, защищено от удара/магнитов/температуры по manual","визуальный осмотр, батарея/расходник, очистка, журнал offset и следующей проверки","нестабильный ноль, дрейф, повреждение, невозможный результат, расхождение с контрольной точкой","S1_LOW_RISK_HOUSEHOLD","не использовать для safety-critical control","бумажный журнал/второй logger","PSP-116","CANDIDATE_NOT_INVENTORIED","0.4"
"INS-053","ENERGY","plug-in energy meter approved for EU socket","мощность/энергия","W|Wh","TBD_PER_EXACT_TASK_AND_METHOD; не закупать/не применять по этой общей строке и не работать у края диапазона.","TBD_PER_EXACT_TASK_AND_METHOD; правило 10:1 — только planning hint, не универсальная спецификация точности.","reference load/service check","TBD_PER_EXACT_INSTRUMENT: документированный эталон, контрольная точка или официальный сервис выбираются по методу/классу.","BEFORE_CRITICAL_USE|AFTER_DAMAGE|ANNUAL_OR_MANUFACTURER","чисто, сухо, защищено от удара/магнитов/температуры по manual","визуальный осмотр, батарея/расходник, очистка, журнал offset и следующей проверки","нестабильный ноль, дрейф, повреждение, невозможный результат, расхождение с контрольной точкой","S2_TRAINED_SUPERVISED","только штатное включение; не вскрывать и не использовать с повреждением","utility meter trend/second unit","PSP-116","CANDIDATE_NOT_INVENTORIED","0.4"
"INS-054","ENERGY","solar irradiance reference cell/pyranometer","облучённость","W/m²","TBD_PER_EXACT_TASK_AND_METHOD; не закупать/не применять по этой общей строке и не работать у края диапазона.","TBD_PER_EXACT_TASK_AND_METHOD; правило 10:1 — только planning hint, не универсальная спецификация точности.","manufacturer calibration and intercomparison","TBD_PER_EXACT_INSTRUMENT: документированный эталон, контрольная точка или официальный сервис выбираются по методу/классу.","BEFORE_CRITICAL_USE|AFTER_DAMAGE|ANNUAL_OR_MANUFACTURER","чисто, сухо, защищено от удара/магнитов/температуры по manual","визуальный осмотр, батарея/расходник, очистка, журнал offset и следующей проверки","нестабильный ноль, дрейф, повреждение, невозможный результат, расхождение с контрольной точкой","S2_TRAINED_SUPERVISED","крыша/высота требует специалиста","horizontal accessible reference point","PSP-116","CANDIDATE_NOT_INVENTORIED","0.4"
"INS-055","MECHANICAL","пружинный динамометр","сила","N","TBD_PER_EXACT_TASK_AND_METHOD; не закупать/не применять по этой общей строке и не работать у края диапазона.","TBD_PER_EXACT_TASK_AND_METHOD; правило 10:1 — только planning hint, не универсальная спецификация точности.","known masses within local g and range","TBD_PER_EXACT_INSTRUMENT: документированный эталон, контрольная точка или официальный сервис выбираются по методу/классу.","BEFORE_CRITICAL_USE|AFTER_DAMAGE|ANNUAL_OR_MANUFACTURER","чисто, сухо, защищено от удара/магнитов/температуры по manual","визуальный осмотр, батарея/расходник, очистка, журнал offset и следующей проверки","нестабильный ноль, дрейф, повреждение, невозможный результат, расхождение с контрольной точкой","S1_LOW_RISK_HOUSEHOLD","не поднимать людей/опасные грузы","две шкалы","PSP-116","CANDIDATE_NOT_INVENTORIED","0.4"
"INS-056","MECHANICAL","динамометрический ключ","момент","N·m","TBD_PER_EXACT_TASK_AND_METHOD; не закупать/не применять по этой общей строке и не работать у края диапазона.","TBD_PER_EXACT_TASK_AND_METHOD; правило 10:1 — только planning hint, не универсальная спецификация точности.","accredited calibration and exercise/storage at minimum setting","TBD_PER_EXACT_INSTRUMENT: документированный эталон, контрольная точка или официальный сервис выбираются по методу/классу.","BEFORE_CRITICAL_USE|AFTER_DAMAGE|ANNUAL_OR_MANUFACTURER","чисто, сухо, защищено от удара/магнитов/температуры по manual","визуальный осмотр, батарея/расходник, очистка, журнал offset и следующей проверки","нестабильный ноль, дрейф, повреждение, невозможный результат, расхождение с контрольной точкой","S2_TRAINED_SUPERVISED","не использовать как breaker bar; safety fasteners by spec","второй диапазон/service","PSP-116","CANDIDATE_NOT_INVENTORIED","0.4"
"INS-057","MECHANICAL","тахометр оптический","частота вращения","rpm","TBD_PER_EXACT_TASK_AND_METHOD; не закупать/не применять по этой общей строке и не работать у края диапазона.","TBD_PER_EXACT_TASK_AND_METHOD; правило 10:1 — только planning hint, не универсальная спецификация точности.","reflective target on safe trainer/known source","TBD_PER_EXACT_INSTRUMENT: документированный эталон, контрольная точка или официальный сервис выбираются по методу/классу.","BEFORE_CRITICAL_USE|AFTER_DAMAGE|ANNUAL_OR_MANUFACTURER","чисто, сухо, защищено от удара/магнитов/температуры по manual","визуальный осмотр, батарея/расходник, очистка, журнал offset и следующей проверки","нестабильный ноль, дрейф, повреждение, невозможный результат, расхождение с контрольной точкой","S2_TRAINED_SUPERVISED","ограждение; не приближаться к вращающимся деталям","video analysis","PSP-116","CANDIDATE_NOT_INVENTORIED","0.4"
"INS-058","MECHANICAL","виброметр","ускорение/скорость","m/s²|mm/s","TBD_PER_EXACT_TASK_AND_METHOD; не закупать/не применять по этой общей строке и не работать у края диапазона.","TBD_PER_EXACT_TASK_AND_METHOD; правило 10:1 — только planning hint, не универсальная спецификация точности.","calibrator/service and fixed mounting protocol","TBD_PER_EXACT_INSTRUMENT: документированный эталон, контрольная точка или официальный сервис выбираются по методу/классу.","BEFORE_CRITICAL_USE|AFTER_DAMAGE|ANNUAL_OR_MANUFACTURER","чисто, сухо, защищено от удара/магнитов/температуры по manual","визуальный осмотр, батарея/расходник, очистка, журнал offset и следующей проверки","нестабильный ноль, дрейф, повреждение, невозможный результат, расхождение с контрольной точкой","S2_TRAINED_SUPERVISED","не приближаться к неограждённому механизму","trend by same sensor","PSP-116","CANDIDATE_NOT_INVENTORIED","0.4"
"INS-059","MECHANICAL","feeler gauge","зазор","mm","TBD_PER_EXACT_TASK_AND_METHOD; не закупать/не применять по этой общей строке и не работать у края диапазона.","TBD_PER_EXACT_TASK_AND_METHOD; правило 10:1 — только planning hint, не универсальная спецификация точности.","cleanliness and comparison/reference block","TBD_PER_EXACT_INSTRUMENT: документированный эталон, контрольная точка или официальный сервис выбираются по методу/классу.","BEFORE_CRITICAL_USE|AFTER_DAMAGE|ANNUAL_OR_MANUFACTURER","чисто, сухо, защищено от удара/магнитов/температуры по manual","визуальный осмотр, батарея/расходник, очистка, журнал offset и следующей проверки","нестабильный ноль, дрейф, повреждение, невозможный результат, расхождение с контрольной точкой","S2_TRAINED_SUPERVISED","только остановленное/изолированное оборудование","duplicate set","PSP-116","CANDIDATE_NOT_INVENTORIED","0.4"
"INS-060","MECHANICAL","thread pitch gauge","шаг резьбы","mm|TPI","TBD_PER_EXACT_TASK_AND_METHOD; не закупать/не применять по этой общей строке и не работать у края диапазона.","TBD_PER_EXACT_TASK_AND_METHOD; правило 10:1 — только planning hint, не универсальная спецификация точности.","known fastener/reference chart","TBD_PER_EXACT_INSTRUMENT: документированный эталон, контрольная точка или официальный сервис выбираются по методу/классу.","BEFORE_CRITICAL_USE|AFTER_DAMAGE|ANNUAL_OR_MANUFACTURER","чисто, сухо, защищено от удара/магнитов/температуры по manual","визуальный осмотр, батарея/расходник, очистка, журнал offset и следующей проверки","нестабильный ноль, дрейф, повреждение, невозможный результат, расхождение с контрольной точкой","S1_LOW_RISK_HOUSEHOLD","не применять к вращающейся детали","printable chart/caliper","PSP-116","CANDIDATE_NOT_INVENTORIED","0.4"
"INS-061","NAVIGATION","магнитный компас","азимут","degree","TBD_PER_EXACT_TASK_AND_METHOD; не закупать/не применять по этой общей строке и не работать у края диапазона.","TBD_PER_EXACT_TASK_AND_METHOD; правило 10:1 — только planning hint, не универсальная спецификация точности.","known line/reversal, declination date and interference check","TBD_PER_EXACT_INSTRUMENT: документированный эталон, контрольная точка или официальный сервис выбираются по методу/классу.","BEFORE_CRITICAL_USE|AFTER_DAMAGE|ANNUAL_OR_MANUFACTURER","чисто, сухо, защищено от удара/магнитов/температуры по manual","визуальный осмотр, батарея/расходник, очистка, журнал offset и следующей проверки","нестабильный ноль, дрейф, повреждение, невозможный результат, расхождение с контрольной точкой","S1_LOW_RISK_HOUSEHOLD","не использовать рядом с сильными магнитами; one instrument is not route safety","два компаса и бумажная карта","PSP-116","CANDIDATE_NOT_INVENTORIED","0.4"
"INS-062","NAVIGATION","GNSS receiver","координаты/время","lat/lon/height/time","TBD_PER_EXACT_TASK_AND_METHOD; не закупать/не применять по этой общей строке и не работать у края диапазона.","TBD_PER_EXACT_TASK_AND_METHOD; правило 10:1 — только planning hint, не универсальная спецификация точности.","known control point and multi-fix comparison","TBD_PER_EXACT_INSTRUMENT: документированный эталон, контрольная точка или официальный сервис выбираются по методу/классу.","BEFORE_CRITICAL_USE|AFTER_DAMAGE|ANNUAL_OR_MANUFACTURER","чисто, сухо, защищено от удара/магнитов/температуры по manual","визуальный осмотр, батарея/расходник, очистка, журнал offset и следующей проверки","нестабильный ноль, дрейф, повреждение, невозможный результат, расхождение с контрольной точкой","S1_LOW_RISK_HOUSEHOLD","координата не доказывает проходимость/безопасность","phone + standalone + paper","PSP-116","CANDIDATE_NOT_INVENTORIED","0.4"
"INS-063","NAVIGATION","лазерный дальномер Class 2 or safer","длина","m","TBD_PER_EXACT_TASK_AND_METHOD; не закупать/не применять по этой общей строке и не работать у края диапазона.","TBD_PER_EXACT_TASK_AND_METHOD; правило 10:1 — только planning hint, не универсальная спецификация точности.","known baseline and battery check","TBD_PER_EXACT_INSTRUMENT: документированный эталон, контрольная точка или официальный сервис выбираются по методу/классу.","BEFORE_CRITICAL_USE|AFTER_DAMAGE|ANNUAL_OR_MANUFACTURER","чисто, сухо, защищено от удара/магнитов/температуры по manual","визуальный осмотр, батарея/расходник, очистка, журнал offset и следующей проверки","нестабильный ноль, дрейф, повреждение, невозможный результат, расхождение с контрольной точкой","S2_TRAINED_SUPERVISED","не направлять в глаза/транспорт; соблюдать класс лазера","рулетка","PSP-116","CANDIDATE_NOT_INVENTORIED","0.4"
"INS-064","NAVIGATION","оптический нивелир/рейка","перепад высоты","mm|m","TBD_PER_EXACT_TASK_AND_METHOD; не закупать/не применять по этой общей строке и не работать у края диапазона.","TBD_PER_EXACT_TASK_AND_METHOD; правило 10:1 — только planning hint, не универсальная спецификация точности.","two-peg test and closure","TBD_PER_EXACT_INSTRUMENT: документированный эталон, контрольная точка или официальный сервис выбираются по методу/классу.","BEFORE_CRITICAL_USE|AFTER_DAMAGE|ANNUAL_OR_MANUFACTURER","чисто, сухо, защищено от удара/магнитов/температуры по manual","визуальный осмотр, батарея/расходник, очистка, журнал offset и следующей проверки","нестабильный ноль, дрейф, повреждение, невозможный результат, расхождение с контрольной точкой","S2_TRAINED_SUPERVISED","штатив вне движения/краёв; не смотреть на Солнце","water level for small safe tasks","PSP-116","CANDIDATE_NOT_INVENTORIED","0.4"
"INS-065","COMPUTING","два независимых hash-инструмента","fixity","SHA-256","TBD_PER_EXACT_TASK_AND_METHOD; не закупать/не применять по этой общей строке и не работать у края диапазона.","TBD_PER_EXACT_TASK_AND_METHOD; правило 10:1 — только planning hint, не универсальная спецификация точности.","test vectors and cross-tool comparison","TBD_PER_EXACT_INSTRUMENT: документированный эталон, контрольная точка или официальный сервис выбираются по методу/классу.","BEFORE_CRITICAL_USE|AFTER_DAMAGE|ANNUAL_OR_MANUFACTURER","чисто, сухо, защищено от удара/магнитов/температуры по manual","визуальный осмотр, батарея/расходник, очистка, журнал offset и следующей проверки","нестабильный ноль, дрейф, повреждение, невозможный результат, расхождение с контрольной точкой","S0_OBSERVE_READ","hash не доказывает безопасность/правдивость содержимого","printed checksums and alternate OS","PSP-116","CANDIDATE_NOT_INVENTORIED","0.4"
"INS-066","COMPUTING","offline clock/source-of-truth appliance","время/version","UTC/ISO-8601","TBD_PER_EXACT_TASK_AND_METHOD; не закупать/не применять по этой общей строке и не работать у края диапазона.","TBD_PER_EXACT_TASK_AND_METHOD; правило 10:1 — только planning hint, не универсальная спецификация точности.","compare against multiple sources before disconnect","TBD_PER_EXACT_INSTRUMENT: документированный эталон, контрольная точка или официальный сервис выбираются по методу/классу.","BEFORE_CRITICAL_USE|AFTER_DAMAGE|ANNUAL_OR_MANUFACTURER","чисто, сухо, защищено от удара/магнитов/температуры по manual","визуальный осмотр, батарея/расходник, очистка, журнал offset и следующей проверки","нестабильный ноль, дрейф, повреждение, невозможный результат, расхождение с контрольной точкой","S1_LOW_RISK_HOUSEHOLD","не считать время юридически прослеживаемым без соответствующей службы","mechanical/quartz logs","PSP-116","CANDIDATE_NOT_INVENTORIED","0.4"
"INS-067","ARCHIVE","оптический/штрихкод сканер","идентификатор","text/check digit","TBD_PER_EXACT_TASK_AND_METHOD; не закупать/не применять по этой общей строке и не работать у края диапазона.","TBD_PER_EXACT_TASK_AND_METHOD; правило 10:1 — только planning hint, не универсальная спецификация точности.","known test sheet and checksum validation","TBD_PER_EXACT_INSTRUMENT: документированный эталон, контрольная точка или официальный сервис выбираются по методу/классу.","BEFORE_CRITICAL_USE|AFTER_DAMAGE|ANNUAL_OR_MANUFACTURER","чисто, сухо, защищено от удара/магнитов/температуры по manual","визуальный осмотр, батарея/расходник, очистка, журнал offset и следующей проверки","нестабильный ноль, дрейф, повреждение, невозможный результат, расхождение с контрольной точкой","S1_LOW_RISK_HOUSEHOLD","не кодировать секреты в открытые labels","manual typed ID","PSP-116","CANDIDATE_NOT_INVENTORIED","0.4"
"INS-068","ARCHIVE","документ-сканер","изображение/OCR","dpi|pixel","TBD_PER_EXACT_TASK_AND_METHOD; не закупать/не применять по этой общей строке и не работать у края диапазона.","TBD_PER_EXACT_TASK_AND_METHOD; правило 10:1 — только planning hint, не универсальная спецификация точности.","resolution target, color/scale card and page-count reconciliation","TBD_PER_EXACT_INSTRUMENT: документированный эталон, контрольная точка или официальный сервис выбираются по методу/классу.","BEFORE_CRITICAL_USE|AFTER_DAMAGE|ANNUAL_OR_MANUFACTURER","чисто, сухо, защищено от удара/магнитов/температуры по manual","визуальный осмотр, батарея/расходник, очистка, журнал offset и следующей проверки","нестабильный ноль, дрейф, повреждение, невозможный результат, расхождение с контрольной точкой","S1_LOW_RISK_HOUSEHOLD","контроль приватности и повреждения оригинала","camera rig + flatbed","PSP-116","CANDIDATE_NOT_INVENTORIED","0.4"
"INS-069","ARCHIVE","USB/SATA write blocker","read-only acquisition","pass/fail","TBD_PER_EXACT_TASK_AND_METHOD; не закупать/не применять по этой общей строке и не работать у края диапазона.","TBD_PER_EXACT_TASK_AND_METHOD; правило 10:1 — только planning hint, не универсальная спецификация точности.","known writable test device before/after","TBD_PER_EXACT_INSTRUMENT: документированный эталон, контрольная точка или официальный сервис выбираются по методу/классу.","BEFORE_CRITICAL_USE|AFTER_DAMAGE|ANNUAL_OR_MANUFACTURER","чисто, сухо, защищено от удара/магнитов/температуры по manual","визуальный осмотр, батарея/расходник, очистка, журнал offset и следующей проверки","нестабильный ноль, дрейф, повреждение, невозможный результат, расхождение с контрольной точкой","S2_TRAINED_SUPERVISED","не считать бытовой адаптер forensic-grade без проверки","read-only media/copy-on-write workflow","PSP-116","CANDIDATE_NOT_INVENTORIED","0.4"
"INS-070","ARCHIVE","printer with archival workflow","печатный вывод","dpi/page","TBD_PER_EXACT_TASK_AND_METHOD; не закупать/не применять по этой общей строке и не работать у края диапазона.","TBD_PER_EXACT_TASK_AND_METHOD; правило 10:1 — только planning hint, не универсальная спецификация точности.","test target, page count and visual comparison","TBD_PER_EXACT_INSTRUMENT: документированный эталон, контрольная точка или официальный сервис выбираются по методу/классу.","BEFORE_CRITICAL_USE|AFTER_DAMAGE|ANNUAL_OR_MANUFACTURER","чисто, сухо, защищено от удара/магнитов/температуры по manual","визуальный осмотр, батарея/расходник, очистка, журнал offset и следующей проверки","нестабильный ноль, дрейф, повреждение, невозможный результат, расхождение с контрольной точкой","S1_LOW_RISK_HOUSEHOLD","вентиляция, расходники, персональные данные","второй print path/ручная копия core","PSP-116","CANDIDATE_NOT_INVENTORIED","0.4"
"INS-071","SAFETY","штатный детектор дыма","smoke alarm","alarm/pass-fail","TBD_PER_EXACT_TASK_AND_METHOD; не закупать/не применять по этой общей строке и не работать у края диапазона.","TBD_PER_EXACT_TASK_AND_METHOD; правило 10:1 — только planning hint, не универсальная спецификация точности.","test button and replacement date; aerosol only if manufacturer allows","TBD_PER_EXACT_INSTRUMENT: документированный эталон, контрольная точка или официальный сервис выбираются по методу/классу.","BEFORE_CRITICAL_USE|AFTER_DAMAGE|ANNUAL_OR_MANUFACTURER","чисто, сухо, защищено от удара/магнитов/температуры по manual","визуальный осмотр, батарея/расходник, очистка, журнал offset и следующей проверки","нестабильный ноль, дрейф, повреждение, невозможный результат, расхождение с контрольной точкой","S1_LOW_RISK_HOUSEHOLD","не тестировать огнём/дымом вне инструкции","несколько detectors по плану","PSP-116","CANDIDATE_NOT_INVENTORIED","0.4"
"INS-072","SAFETY","штатный детектор утечки воды","water alarm","alarm/pass-fail","TBD_PER_EXACT_TASK_AND_METHOD; не закупать/не применять по этой общей строке и не работать у края диапазона.","TBD_PER_EXACT_TASK_AND_METHOD; правило 10:1 — только planning hint, не универсальная спецификация точности.","test probe with clean water per manual","TBD_PER_EXACT_INSTRUMENT: документированный эталон, контрольная точка или официальный сервис выбираются по методу/классу.","BEFORE_CRITICAL_USE|AFTER_DAMAGE|ANNUAL_OR_MANUFACTURER","чисто, сухо, защищено от удара/магнитов/температуры по manual","визуальный осмотр, батарея/расходник, очистка, журнал offset и следующей проверки","нестабильный ноль, дрейф, повреждение, невозможный результат, расхождение с контрольной точкой","S1_LOW_RISK_HOUSEHOLD","не помещать электронику вне rated environment","несколько points + visual checks","PSP-116","CANDIDATE_NOT_INVENTORIED","0.4"
"INS-073","SAFETY","RCD/GFCI tester approved for jurisdiction","защитное отключение","ms/pass-fail","TBD_PER_EXACT_TASK_AND_METHOD; не закупать/не применять по этой общей строке и не работать у края диапазона.","TBD_PER_EXACT_TASK_AND_METHOD; правило 10:1 — только planning hint, не универсальная спецификация точности.","только штатная test function/qualified inspection","TBD_PER_EXACT_INSTRUMENT: документированный эталон, контрольная точка или официальный сервис выбираются по методу/классу.","BEFORE_CRITICAL_USE|AFTER_DAMAGE|ANNUAL_OR_MANUFACTURER","чисто, сухо, защищено от удара/магнитов/температуры по manual","визуальный осмотр, батарея/расходник, очистка, журнал offset и следующей проверки","нестабильный ноль, дрейф, повреждение, невозможный результат, расхождение с контрольной точкой","S3_LICENSED_PROFESSIONAL","не вскрывать щит и не создавать fault; интерпретация установки — электрик","built-in test + professional schedule","PSP-116","CANDIDATE_NOT_INVENTORIED","0.4"
