"scenario_id","family","name_ru","scope","trigger_class","first_decision_class","decision_sequence","decision_condition_notes","decision_sequence_status","capability_ids","spatial_need_codes","map_ids","route_ids","site_ids","modifier_codes","group_size_scope","horizon_scope","source_authority_class","content_review_state","card_status","professional_review_required","professional_review_state","review_due","notes","source_ids","source_section_refs","decision_provenance_state","horizon_vocabulary_version","horizon_semantics","e5_review_state","e5_basis_refs"
"MED-ARREST","MED","Нет нормального дыхания или подозрение на остановку кровообращения","PERSON","DIRECT_OBSERVATION","CALL_112","CALL_112","Действия только по диспетчеру или актуальному курсу","INDEX_ONLY_NOT_REVIEWED","MED-BLS|COM|GOV","MEDICAL_ACCESS|EXACT_LOCATION","TBD","TBD","TBD","AGE_PROFILE","N1_TO_N7","E0_E4","ERC_PLUS_LOCAL_EMERGENCY_SYSTEM","NOT_REVIEWED","INDEX_ONLY","YES","NOT_STARTED","","Действия только по диспетчеру или актуальному курсу","TBD","TBD","NOT_LINKED","0.3","RECURRENT_OVER_LIFECYCLE","NOT_REVIEWED",""
"MED-AIRWAY","MED","Удушье или острая проблема дыхательных путей","PERSON","DIRECT_OBSERVATION","CALL_112","CALL_112","Не заменяет очное обучение","INDEX_ONLY_NOT_REVIEWED","MED-BLS|COM","MEDICAL_ACCESS|EXACT_LOCATION","TBD","TBD","TBD","AGE_PROFILE","N1_TO_N7","E0_E4","ERC_PLUS_LOCAL_EMERGENCY_SYSTEM","NOT_REVIEWED","INDEX_ONLY","YES","NOT_STARTED","","Не заменяет очное обучение","TBD","TBD","NOT_LINKED","0.3","RECURRENT_OVER_LIFECYCLE","NOT_REVIEWED",""
"MED-BLEED","MED","Массивное наружное кровотечение или признаки внутреннего","PERSON","DIRECT_OBSERVATION","CALL_112","CALL_112","Средства только в пределах навыка","INDEX_ONLY_NOT_REVIEWED","MED-TRAUMA|PPE|COM","MEDICAL_ACCESS|EVAC_ROUTE","TBD","TBD","TBD","ANTICOAGULATION","N1_TO_N7","E0_E4","IFRC_ERC_PLUS_LOCAL","NOT_REVIEWED","INDEX_ONLY","YES","NOT_STARTED","","Средства только в пределах навыка","TBD","TBD","NOT_LINKED","0.3","RECURRENT_OVER_LIFECYCLE","NOT_REVIEWED",""
"MED-TRAUMA","MED","Тяжёлая травма падение или ДТП","PERSON_OR_MULTI","DIRECT_OBSERVATION","CALL_112","CALL_112","Не входить в опасную зону ради помощи","INDEX_ONLY_NOT_REVIEWED","MED-TRAUMA|TRANS|COM|GOV","MEDICAL_ACCESS|ROAD|EXACT_LOCATION","TBD","TBD","TBD","MOBILITY_LIMITATION","N1_TO_N7","E0_E4","IFRC_ERC_PLUS_LOCAL","NOT_REVIEWED","INDEX_ONLY","YES","NOT_STARTED","","Не входить в опасную зону ради помощи","TBD","TBD","NOT_LINKED","0.3","RECURRENT_OVER_LIFECYCLE","NOT_REVIEWED",""
"MED-HEAD-SPINE","MED","Травма головы шеи или позвоночника","PERSON","DIRECT_OBSERVATION","CALL_112","CALL_112","Перемещение только по необходимости безопасности и навыку","INDEX_ONLY_NOT_REVIEWED","MED-TRAUMA|COM|TRANS","MEDICAL_ACCESS|EVAC_ROUTE","TBD","TBD","TBD","ANTICOAGULATION","N1_TO_N7","E0_E4","IFRC_ERC_PLUS_LOCAL","NOT_REVIEWED","INDEX_ONLY","YES","NOT_STARTED","","Перемещение только по необходимости безопасности и навыку","TBD","TBD","NOT_LINKED","0.3","RECURRENT_OVER_LIFECYCLE","NOT_REVIEWED",""
"MED-CRUSH","MED","Сдавление или crush injury","PERSON_OR_MULTI","DIRECT_OBSERVATION","CALL_112","CALL_112","Не проводить опасное освобождение без координации","INDEX_ONLY_NOT_REVIEWED","MED-TRAUMA|COM|GOV","RESCUE_ACCESS|MEDICAL_ACCESS","TBD","TBD","TBD","","N1_TO_N7","E0_E4","PROFESSIONAL_RESCUE_MEDICAL","NOT_REVIEWED","INDEX_ONLY","YES","NOT_STARTED","","Не проводить опасное освобождение без координации","TBD","TBD","NOT_LINKED","0.3","RECURRENT_OVER_LIFECYCLE","NOT_REVIEWED",""
"MED-BURN","MED","Термический ожог: оценка красных флагов и срочности","PERSON_OR_MULTI","DIRECT_OBSERVATION","ASSESS_RED_FLAGS","ASSESS_RED_FLAGS","Красные флаги или угроза жизни требуют 112; остальные маршруты определяет проверенная карточка, SNS 24 или клиницист","INDEX_ONLY_NOT_REVIEWED","MED-TRAUMA|WAT|PPE","MEDICAL_ACCESS|SAFE_EXIT","TBD","TBD","TBD","AGE_PROFILE","N1_TO_N7","E0_E4","IFRC_ERC_PLUS_LOCAL","NOT_REVIEWED","INDEX_ONLY","YES","NOT_STARTED","","Красные флаги или угроза жизни требуют 112; остальные маршруты определяет проверенная карточка, SNS 24 или клиницист","TBD","TBD","NOT_LINKED","0.3","RECURRENT_OVER_LIFECYCLE","NOT_REVIEWED",""
"MED-ELECTRIC","MED","Электротравма или молния","PERSON_OR_MULTI","DIRECT_OBSERVATION","CALL_112","CALL_112","Сначала исключить продолжающееся электрическое воздействие","INDEX_ONLY_NOT_REVIEWED","MED-TRAUMA|ENE|COM","UTILITY_SHUTOFF|MEDICAL_ACCESS","TBD","TBD","TBD","","N1_TO_N7","E0_E4","EMERGENCY_MEDICAL_PLUS_UTILITY","NOT_REVIEWED","INDEX_ONLY","YES","NOT_STARTED","","Сначала исключить продолжающееся электрическое воздействие","TBD","TBD","NOT_LINKED","0.3","RECURRENT_OVER_LIFECYCLE","NOT_REVIEWED",""
"MED-DROWN","MED","Утопление или инцидент в воде","PERSON_OR_MULTI","DIRECT_OBSERVATION","CALL_112","CALL_112","Не становиться второй жертвой","INDEX_ONLY_NOT_REVIEWED","MED-BLS|PPE|COM","WATER_ACCESS|RESCUE_ACCESS","TBD","TBD","TBD","COLD","N1_TO_N7","E0_E4","ERC_PLUS_PROFESSIONAL_RESCUE","NOT_REVIEWED","INDEX_ONLY","YES","NOT_STARTED","","Не становиться второй жертвой","TBD","TBD","NOT_LINKED","0.3","RECURRENT_OVER_LIFECYCLE","NOT_REVIEWED",""
"MED-CHEST","MED","Внезапная боль в груди или возможный сердечный приступ","PERSON","SYMPTOM","CALL_112","CALL_112","Не ставить диагноз самостоятельно","INDEX_ONLY_NOT_REVIEWED","MED-ILL|COM","MEDICAL_ACCESS|EXACT_LOCATION","TBD","TBD","TBD","CHRONIC_DISEASE","N1_TO_N7","E0_E4","NATIONAL_HEALTH_ERC","NOT_REVIEWED","INDEX_ONLY","YES","NOT_STARTED","","Не ставить диагноз самостоятельно","TBD","TBD","NOT_LINKED","0.3","RECURRENT_OVER_LIFECYCLE","NOT_REVIEWED",""
"MED-STROKE","MED","Внезапные признаки инсульта","PERSON","SYMPTOM","CALL_112","CALL_112","Фиксировать время появления признаков","INDEX_ONLY_NOT_REVIEWED","MED-ILL|COM","MEDICAL_ACCESS|EXACT_LOCATION","TBD","TBD","TBD","LANGUAGE_BARRIER","N1_TO_N7","E0_E4","NATIONAL_HEALTH_ERC","NOT_REVIEWED","INDEX_ONLY","YES","NOT_STARTED","","Фиксировать время появления признаков","TBD","TBD","NOT_LINKED","0.3","RECURRENT_OVER_LIFECYCLE","NOT_REVIEWED",""
"MED-RESP","MED","Острое нарушение дыхания астма или COPD","PERSON","SYMPTOM","CALL_112","CALL_112","Назначенное личное средство только по персональному плану","INDEX_ONLY_NOT_REVIEWED","MED-ILL|AIR|COM","MEDICAL_ACCESS|AIR_QUALITY","TBD","TBD","TBD","OXYGEN_OR_POWER_DEPENDENT","N1_TO_N7","E0_E4","NATIONAL_HEALTH_ERC","NOT_REVIEWED","INDEX_ONLY","YES","NOT_STARTED","","Назначенное личное средство только по персональному плану","TBD","TBD","NOT_LINKED","0.3","RECURRENT_OVER_LIFECYCLE","NOT_REVIEWED",""
"MED-ANAPH","MED","Тяжёлая аллергическая реакция или анафилаксия","PERSON","SYMPTOM","CALL_112","CALL_112","Индивидуальное назначенное средство и срочная помощь","INDEX_ONLY_NOT_REVIEWED","MED-ILL|COM","MEDICAL_ACCESS|EXACT_LOCATION","TBD","TBD","TBD","AGE_PROFILE","N1_TO_N7","E0_E4","NATIONAL_HEALTH_ERC","NOT_REVIEWED","INDEX_ONLY","YES","NOT_STARTED","","Индивидуальное назначенное средство и срочная помощь","TBD","TBD","NOT_LINKED","0.3","RECURRENT_OVER_LIFECYCLE","NOT_REVIEWED",""
"MED-SEIZURE","MED","Судороги или изменённое сознание","PERSON","SYMPTOM","CALL_112","CALL_112","Не давать внутрь при нарушенном сознании","INDEX_ONLY_NOT_REVIEWED","MED-ILL|COM|SAFE","MEDICAL_ACCESS|EXACT_LOCATION","TBD","TBD","TBD","CHRONIC_DISEASE","N1_TO_N7","E0_E4","NATIONAL_HEALTH_ERC","NOT_REVIEWED","INDEX_ONLY","YES","NOT_STARTED","","Не давать внутрь при нарушенном сознании","TBD","TBD","NOT_LINKED","0.3","RECURRENT_OVER_LIFECYCLE","NOT_REVIEWED",""
"MED-DIAB","MED","Острое осложнение диабета","PERSON","SYMPTOM_OR_MEASUREMENT","CALL_112","CALL_112","Следовать индивидуальному плану и не переоценивать прибор","INDEX_ONLY_NOT_REVIEWED","MED-ILL|MED-NCD|COM","MEDICAL_ACCESS|PHARMACY","TBD","TBD","TBD","CHRONIC_DISEASE","N1_TO_N7","E0_E4","NATIONAL_HEALTH_CLINICAL","NOT_REVIEWED","INDEX_ONLY","YES","NOT_STARTED","","Следовать индивидуальному плану и не переоценивать прибор","TBD","TBD","NOT_LINKED","0.3","RECURRENT_OVER_LIFECYCLE","NOT_REVIEWED",""
"MED-POISON","MED","Возможное отравление лекарством пищей или веществом","PERSON_OR_MULTI","EXPOSURE_OR_SYMPTOM","CALL_CIAV","CALL_CIAV","При угрозе жизни одновременно 112; не вызывать рвоту без указания","INDEX_ONLY_NOT_REVIEWED","MED-ILL|COM|PPE","EXPOSURE_SITE|MEDICAL_ACCESS","TBD","TBD","TBD","AGE_PROFILE","N1_TO_N7","E0_E4","CIAV_PLUS_EMERGENCY_MEDICAL","NOT_REVIEWED","INDEX_ONLY","YES","NOT_STARTED","","При угрозе жизни одновременно 112; не вызывать рвоту без указания","TBD","TBD","NOT_LINKED","0.3","RECURRENT_OVER_LIFECYCLE","NOT_REVIEWED",""
"MED-OVERDOSE","MED","Передозировка или интоксикация веществом","PERSON_OR_MULTI","EXPOSURE_OR_SYMPTOM","CALL_112","CALL_112","Спасательное средство только по закону протоколу и обучению","INDEX_ONLY_NOT_REVIEWED","MED-ILL|COM|SAFE","MEDICAL_ACCESS|EXACT_LOCATION","TBD","TBD","TBD","","N1_TO_N7","E0_E4","EMERGENCY_MEDICAL_TOXICOLOGY","NOT_REVIEWED","INDEX_ONLY","YES","NOT_STARTED","","Спасательное средство только по закону протоколу и обучению","TBD","TBD","NOT_LINKED","0.3","RECURRENT_OVER_LIFECYCLE","NOT_REVIEWED",""
"MED-SEPSIS","MED","Тяжёлая инфекция или возможный сепсис","PERSON","SYMPTOM","CALL_112","CALL_112","Не заменять антибиотиками из бытового запаса","INDEX_ONLY_NOT_REVIEWED","MED-ILL|COM|MED-NCD","MEDICAL_ACCESS","TBD","TBD","TBD","IMMUNOCOMPROMISED","N1_TO_N7","E0_E4","NATIONAL_HEALTH_CLINICAL","NOT_REVIEWED","INDEX_ONLY","YES","NOT_STARTED","","Не заменять антибиотиками из бытового запаса","TBD","TBD","NOT_LINKED","0.3","RECURRENT_OVER_LIFECYCLE","NOT_REVIEWED",""
"MED-DEHYD","MED","Обезвоживание, диарея или рвота: оценка красных флагов","PERSON_OR_CLUSTER","SYMPTOM","ASSESS_RED_FLAGS","ASSESS_RED_FLAGS","112 только при угрозе жизни; иначе срочность определяется по красным флагам, возрасту, беременности, сопутствующим состояниям и актуальной клинической маршрутизации","INDEX_ONLY_NOT_REVIEWED","MED-ILL|WAT|SAN|FOOD","WATER_SOURCE|MEDICAL_ACCESS","TBD","TBD","TBD","AGE_PROFILE","N1_TO_N7","E0_E4","WHO_NATIONAL_HEALTH","NOT_REVIEWED","INDEX_ONLY","YES","NOT_STARTED","","112 только при угрозе жизни; иначе срочность определяется по красным флагам, возрасту, беременности, сопутствующим состояниям и актуальной клинической маршрутизации","TBD","TBD","NOT_LINKED","0.3","RECURRENT_OVER_LIFECYCLE","NOT_REVIEWED",""
"MED-CONTINUITY","MED","Потеря регулярных лекарств лечения холодовой цепи или медпитания","PERSON_OR_GROUP","SUPPLY_FAILURE","OFFICIAL_DIRECTION","OFFICIAL_DIRECTION","Не импровизировать замену препарата","INDEX_ONLY_NOT_REVIEWED","MED-NCD|ENE|DOC|TRANS","PHARMACY|HEALTHCARE|EVAC_ROUTE","TBD","TBD","TBD","CHRONIC_DISEASE|OXYGEN_OR_POWER_DEPENDENT","N1_TO_N7","E0_E4","CLINICIAN_PHARMACIST_NATIONAL_HEALTH","NOT_REVIEWED","INDEX_ONLY","YES","NOT_STARTED","","Не импровизировать замену препарата","TBD","TBD","NOT_LINKED","0.3","RECURRENT_OVER_LIFECYCLE","NOT_REVIEWED",""
"MED-OB","MED","Неотложное состояние при беременности или родах","PERSON_TO_GROUP","PREGNANCY_RED_FLAG_OR_LABOR_COMPLICATION","CALL_112_OR_URGENT_MATERNITY","CALL_112_OR_URGENT_MATERNITY>FOLLOW_DISPATCH_AND_PERSON_PLAN","Красные флаги, срок беременности и локальный maternity-route требуют профессиональной карточки; не импровизировать акушерские процедуры","INDEX_ONLY_NOT_REVIEWED","MED-ILL|MED-NCD|TRANS|COM","MATERNITY|MEDICAL_ACCESS|ROUTE","TBD","TBD","TBD","PREGNANCY|ALONE|LANGUAGE_BARRIER","N1_TO_N7","E0_E4","SNS_DGS_OBSTETRIC_SERVICE","NOT_REVIEWED","INDEX_ONLY","YES","NOT_STARTED","","","TBD","TBD","NOT_LINKED","0.3","RECURRENT_OVER_LIFECYCLE","NOT_REVIEWED",""
"MED-DENTAL","MED","Острая стоматологическая проблема травма зуба или отёк","PERSON_TO_GROUP","DENTAL_TRAUMA_SEVERE_PAIN_BLEEDING_OR_SWELLING","ASSESS_RED_FLAGS","ASSESS_RED_FLAGS>DENTAL_SERVICE_OR_112_BY_CONDITION","Нарушение дыхания, быстро растущий отёк, тяжёлая травма или кровотечение меняют маршрут на экстренный","INDEX_ONLY_NOT_REVIEWED","MED-ILL|MED-TRAUMA|COM|TRANS","DENTAL_SERVICE|MEDICAL_ACCESS|ROUTE","TBD","TBD","TBD","CHILD|ANTICOAGULATION|IMMUNOCOMPROMISED","N1_TO_N7","E0_E4","SNS_DGS_DENTAL_SERVICE","NOT_REVIEWED","INDEX_ONLY","YES","NOT_STARTED","","","TBD","TBD","NOT_LINKED","0.3","RECURRENT_OVER_LIFECYCLE","NOT_REVIEWED",""
"MED-SENSORY","MED","Внезапная потеря зрения или слуха либо серьёзная травма глаза","PERSON_TO_GROUP","SUDDEN_VISION_HEARING_LOSS_OR_EYE_INJURY","URGENT_PROFESSIONAL_ASSESSMENT","URGENT_PROFESSIONAL_ASSESSMENT>PROTECT_FUNCTION_WITHOUT_DELAYING_HELP","Не пытаться извлекать внедрённый объект; безопасно прекратить только очевидное продолжающееся воздействие и не откладывать срочную оценку","INDEX_ONLY_NOT_REVIEWED","MED-ILL|MED-TRAUMA|PPE|COM|TRANS","EYE_EMERGENCY|ENT_SERVICE|MEDICAL_ACCESS","TBD","TBD","TBD","VISION|HEARING|CHILD|LANGUAGE_BARRIER","N1_TO_N7","E0_E4","SNS_DGS_OPHTHALMOLOGY_ENT","NOT_REVIEWED","INDEX_ONLY","YES","NOT_STARTED","","","TBD","TBD","NOT_LINKED","0.3","RECURRENT_OVER_LIFECYCLE","NOT_REVIEWED",""
"MED-MH-CRISIS","MED","Острый психический кризис или непосредственный риск самоповреждения","PERSON_TO_GROUP","IMMEDIATE_SELF_HARM_OTHER_HARM_OR_ACUTE_CRISIS","IMMEDIATE_SAFETY","IMMEDIATE_SAFETY>CALL_112_IF_IMMEDIATE_DANGER>TRUSTED_CRISIS_ROUTE_AND_CONTINUITY","Не оставлять человека одного при непосредственном риске, не обещать секретность и не применять принуждение вне закона/профессиональной помощи","INDEX_ONLY_NOT_REVIEWED","MED-MH|SAFE|COM|TRANS","SAFE_SPACE|MEDICAL_ACCESS|TRUSTED_CONTACT","TBD","TBD","TBD","MENTAL_HEALTH_CONTINUITY|ALONE|CHILD|ADOLESCENT","N1_TO_N7","E0_E4","SNS_DGS_MENTAL_HEALTH_EMERGENCY","NOT_REVIEWED","INDEX_ONLY","YES","NOT_STARTED","","","TBD","TBD","NOT_LINKED","0.3","RECURRENT_OVER_LIFECYCLE","NOT_REVIEWED",""
"BIO-RESP","BIO","Респираторная вспышка эпидемия или пандемия","HOUSEHOLD_TO_REGIONAL","OFFICIAL_ALERT_OR_CLUSTER","OFFICIAL_DIRECTION","OFFICIAL_DIRECTION","Меры зависят от возбудителя и текущего guidance","INDEX_ONLY_NOT_REVIEWED","AIR|PPE|MED-ILL|INFO|SAN","HEALTHCARE|AIR_QUALITY|OFFICIAL_ZONES","TBD","TBD","TBD","IMMUNOCOMPROMISED","N1_TO_N7","E0_E4","DGS_ECDC_WHO","NOT_REVIEWED","INDEX_ONLY","YES","NOT_STARTED","","Меры зависят от возбудителя и текущего guidance","TBD","TBD","NOT_LINKED","0.3","RECURRENT_OVER_LIFECYCLE","NOT_REVIEWED",""
"BIO-WATER","BIO","Вспышка заболевания связанная с водой","HOUSEHOLD_TO_MUNICIPAL","OFFICIAL_ALERT_OR_CLUSTER","ISOLATE_AND_LOCKOUT","ISOLATE_AND_LOCKOUT","Природная вода не считается питьевой по карте","INDEX_ONLY_NOT_REVIEWED","WAT|SAN|MED-ILL|INFO","WATER_SOURCE|DISTRIBUTION_ZONE|HEALTHCARE","TBD","TBD","TBD","AGE_PROFILE","N1_TO_N7","E0_E4","WATER_AUTHORITY_DGS_WHO","NOT_REVIEWED","INDEX_ONLY","YES","NOT_STARTED","","Природная вода не считается питьевой по карте","TBD","TBD","NOT_LINKED","0.3","RECURRENT_OVER_LIFECYCLE","NOT_REVIEWED",""
"BIO-FOOD","BIO","Пищевое отравление или cluster","HOUSEHOLD_TO_MULTI","OFFICIAL_ALERT_OR_CLUSTER","ISOLATE_AND_LOCKOUT","ISOLATE_AND_LOCKOUT","Сохранить идентификацию партии без повторного употребления","INDEX_ONLY_NOT_REVIEWED","FOOD|MED-ILL|SAN|INFO","SUPPLY_SOURCE|HEALTHCARE","TBD","TBD","TBD","AGE_PROFILE","N1_TO_N7","E0_E4","FOOD_AUTHORITY_DGS_WHO","NOT_REVIEWED","INDEX_ONLY","YES","NOT_STARTED","","Сохранить идентификацию партии без повторного употребления","TBD","TBD","NOT_LINKED","0.3","RECURRENT_OVER_LIFECYCLE","NOT_REVIEWED",""
"BIO-ZOON","BIO","Зооноз укус или контакт с животным","PERSON_OR_GROUP","EXPOSURE_OR_ALERT","OFFICIAL_DIRECTION","OFFICIAL_DIRECTION","Человеческий и ветеринарный контуры разделены","INDEX_ONLY_NOT_REVIEWED","MED-ILL|PET|PPE|INFO","VET|HEALTHCARE|EXPOSURE_SITE","TBD","TBD","TBD","PET|LIVESTOCK","N1_TO_N7","E0_E4","DGS_VETERINARY_WHO","NOT_REVIEWED","INDEX_ONLY","YES","NOT_STARTED","","Человеческий и ветеринарный контуры разделены","TBD","TBD","NOT_LINKED","0.3","RECURRENT_OVER_LIFECYCLE","NOT_REVIEWED",""
"BIO-VECTOR","BIO","Болезни комаров клещей и других переносчиков","PERSON_TO_REGIONAL","SEASONAL_ALERT_OR_SYMPTOM","OFFICIAL_DIRECTION","OFFICIAL_DIRECTION","Профилактика и симптомы по локальному виду","INDEX_ONLY_NOT_REVIEWED","PPE|SHEL|MED-ILL|INFO","VECTOR_RISK|HEALTHCARE","TBD","TBD","TBD","","N1_TO_N7","E0_E4","DGS_ECDC_WHO","NOT_REVIEWED","INDEX_ONLY","YES","NOT_STARTED","","Профилактика и симптомы по локальному виду","TBD","TBD","NOT_LINKED","0.3","RECURRENT_OVER_LIFECYCLE","NOT_REVIEWED",""
"BIO-WOUND","BIO","Признаки инфекции раны: оценка красных флагов","PERSON","SYMPTOM","ASSESS_RED_FLAGS","ASSESS_RED_FLAGS","112 только при угрозе жизни; иначе требуется проверенная клиническая маршрутизация; домашняя хирургия запрещена","INDEX_ONLY_NOT_REVIEWED","MED-TRAUMA|MED-ILL|SAN","MEDICAL_ACCESS","TBD","TBD","TBD","IMMUNOCOMPROMISED","N1_TO_N7","E0_E4","NATIONAL_HEALTH_IFRC","NOT_REVIEWED","INDEX_ONLY","YES","NOT_STARTED","","112 только при угрозе жизни; иначе требуется проверенная клиническая маршрутизация; домашняя хирургия запрещена","TBD","TBD","NOT_LINKED","0.3","RECURRENT_OVER_LIFECYCLE","NOT_REVIEWED",""
"BIO-MOLD","BIO","Плесень и влажность после затопления","BUILDING_OR_SHELTER","DIRECT_OBSERVATION","ISOLATE_AND_LOCKOUT","ISOLATE_AND_LOCKOUT","Вход и очистка зависят от безопасности здания и PPE","INDEX_ONLY_NOT_REVIEWED","AIR|PPE|HOME|REC","FLOOD_ZONE|BUILDING","TBD","TBD","TBD","RESPIRATORY_DISEASE","N1_TO_N7","E0_E4","DGS_WHO_BUILDING_AUTHORITY","NOT_REVIEWED","INDEX_ONLY","YES","NOT_STARTED","","Вход и очистка зависят от безопасности здания и PPE","TBD","TBD","NOT_LINKED","0.3","RECURRENT_OVER_LIFECYCLE","NOT_REVIEWED",""
"BIO-INFEST","BIO","Вредители паразиты педикулёз чесотка или infestation","HOUSEHOLD_OR_SHELTER","DIRECT_OBSERVATION_OR_SYMPTOM","OFFICIAL_DIRECTION","OFFICIAL_DIRECTION","Не смешивать человеческие и ветеринарные средства","INDEX_ONLY_NOT_REVIEWED","SAN|PPE|MED-ILL|PET","SHELTER|HEALTHCARE","TBD","TBD","TBD","TEMPORARY_SHELTER","N1_TO_N7","E0_E4","DGS_WHO_VETERINARY_AS_APPLICABLE","NOT_REVIEWED","INDEX_ONLY","YES","NOT_STARTED","","Не смешивать человеческие и ветеринарные средства","TBD","TBD","NOT_LINKED","0.3","RECURRENT_OVER_LIFECYCLE","NOT_REVIEWED",""
"NAT-EQ","NAT","Землетрясение и афтершоки","LOCAL_TO_REGIONAL","DIRECT_OBSERVATION_OR_OFFICIAL_ALERT","PROTECT_DURING_SHAKING","PROTECT_DURING_SHAKING>ASSESS_SCENE_AND_PEOPLE>EXIT_IF_UNSAFE_OR_OFFICIAL_DIRECTION","Сначала защита во время толчков; выход после прекращения толчков, если здание небезопасно или так указано официально","INDEX_ONLY_NOT_REVIEWED","SHEL|FIRE|MED-TRAUMA|NAV|COM","SEISMIC|BUILDING|OPEN_AREA|ROAD","TBD","TBD","TBD","BUILDING_PROFILE","N1_TO_N7","E0_E4","ANEPC_IPMA_MUNICIPAL","NOT_REVIEWED","INDEX_ONLY","YES","NOT_STARTED","","После события мосты здания и газ требуют отдельной оценки","TBD","TBD","NOT_LINKED","0.3","RECURRENT_OVER_LIFECYCLE","NOT_REVIEWED",""
"NAT-TSU","NAT","Цунами","COASTAL","NATURAL_SIGN_OR_OFFICIAL_ALERT","MOVE_TO_HIGH_GROUND","MOVE_TO_HIGH_GROUND","Локальный маршрут только по официальному плану и field check","INDEX_ONLY_NOT_REVIEWED","NAV|COM|TRANS|GOV","TSUNAMI|ELEVATION|EVAC_ROUTE","TBD","TBD","TBD","COAST|MOBILITY_LIMITATION","N1_TO_N7","E0_E4","ANEPC_IPMA_MUNICIPAL","NOT_REVIEWED","INDEX_ONLY","YES","NOT_STARTED","","Локальный маршрут только по официальному плану и field check","TBD","TBD","NOT_LINKED","0.3","RECURRENT_OVER_LIFECYCLE","NOT_REVIEWED",""
"NAT-VOLC","NAT","Вулканическое событие пепел газ или лава","LOCAL_TO_REGIONAL","OFFICIAL_ALERT_OR_DIRECT_OBSERVATION","OFFICIAL_DIRECTION","OFFICIAL_DIRECTION","Применимо прежде всего к соответствующей территории","INDEX_ONLY_NOT_REVIEWED","AIR|PPE|SHEL|NAV|WAT","VOLCANIC|EVAC_ROUTE|AIR_QUALITY","TBD","TBD","TBD","ISLAND","N1_TO_N7","E0_E4","REGIONAL_CIVIL_PROTECTION_VOLCANO_OBSERVATORY","NOT_REVIEWED","INDEX_ONLY","YES","NOT_STARTED","","Применимо прежде всего к соответствующей территории","TBD","TBD","NOT_LINKED","0.3","RECURRENT_OVER_LIFECYCLE","NOT_REVIEWED",""
"NAT-FLD","NAT","Речное дождевое или прибрежное наводнение","LOCAL_TO_REGIONAL","OFFICIAL_ALERT_OR_DIRECT_OBSERVATION","MOVE_TO_HIGH_GROUND","MOVE_TO_HIGH_GROUND","Не входить и не въезжать в воду","INDEX_ONLY_NOT_REVIEWED","NAV|TRANS|WAT|SAN|REC","FLOOD_DEPTH|VELOCITY|ELEVATION|ROAD","TBD","TBD","TBD","MOBILITY_LIMITATION","N1_TO_N7","E0_E4","ANEPC_APA_MUNICIPAL","NOT_REVIEWED","INDEX_ONLY","YES","NOT_STARTED","","Не входить и не въезжать в воду","TBD","TBD","NOT_LINKED","0.3","RECURRENT_OVER_LIFECYCLE","NOT_REVIEWED",""
"NAT-FLASH","NAT","Внезапный паводок или быстрый поток","LOCAL","DIRECT_OBSERVATION_OR_ALERT","MOVE_TO_HIGH_GROUND","MOVE_TO_HIGH_GROUND","Время на решение может быть очень коротким","INDEX_ONLY_NOT_REVIEWED","NAV|TRANS|COM","DRAINAGE|ELEVATION|NO_GO","TBD","TBD","TBD","","N1_TO_N7","E0_E4","ANEPC_IPMA_MUNICIPAL","NOT_REVIEWED","INDEX_ONLY","YES","NOT_STARTED","","Время на решение может быть очень коротким","TBD","TBD","NOT_LINKED","0.3","RECURRENT_OVER_LIFECYCLE","NOT_REVIEWED",""
"NAT-WIL","NAT","Природный пожар","LOCAL_TO_REGIONAL","OFFICIAL_ALERT_OR_DIRECT_OBSERVATION","OFFICIAL_DIRECTION","OFFICIAL_DIRECTION","Не двигаться в дым и не считать structural risk live fire","INDEX_ONLY_NOT_REVIEWED","NAV|TRANS|AIR|PPE|COM","FIRE_HAZARD|ACTIVE_FIRE|ROAD|EVAC_ROUTE","TBD","TBD","TBD","FOREST_EDGE|PET","N1_TO_N7","E0_E4","ANEPC_ICNF_IPMA_MUNICIPAL","NOT_REVIEWED","INDEX_ONLY","YES","NOT_STARTED","","Не двигаться в дым и не считать structural risk live fire","TBD","TBD","NOT_LINKED","0.3","RECURRENT_OVER_LIFECYCLE","NOT_REVIEWED",""
"NAT-SMOKE","NAT","Дым и опасное качество воздуха","LOCAL_TO_REGIONAL","OFFICIAL_DATA_OR_DIRECT_OBSERVATION","OFFICIAL_DIRECTION","OFFICIAL_DIRECTION","Респиратор и фильтрация требуют правильного выбора","INDEX_ONLY_NOT_REVIEWED","AIR|PPE|SHEL|MED-ILL","AIR_QUALITY|FIRE|CLEAN_AIR_SITE","TBD","TBD","TBD","RESPIRATORY_DISEASE","N1_TO_N7","E0_E4","DGS_APA_ANEPC","NOT_REVIEWED","INDEX_ONLY","YES","NOT_STARTED","","Респиратор и фильтрация требуют правильного выбора","TBD","TBD","NOT_LINKED","0.3","RECURRENT_OVER_LIFECYCLE","NOT_REVIEWED",""
"NAT-STORM","NAT","Шторм сильный ветер или интенсивные осадки","LOCAL_TO_REGIONAL","OFFICIAL_WARNING_OR_DIRECT_OBSERVATION","SHELTER_PENDING_OFFICIAL","SHELTER_PENDING_OFFICIAL","Учитывать каскадные отключения и повреждения","INDEX_ONLY_NOT_REVIEWED","SHEL|FIRE|ENE|NAV|COM","WEATHER|FLOOD|ROAD|TREE","TBD","TBD","TBD","","N1_TO_N7","E0_E4","IPMA_ANEPC_MUNICIPAL","NOT_REVIEWED","INDEX_ONLY","YES","NOT_STARTED","","Учитывать каскадные отключения и повреждения","TBD","TBD","NOT_LINKED","0.3","RECURRENT_OVER_LIFECYCLE","NOT_REVIEWED",""
"NAT-LIGHTNING","NAT","Молния и гроза","LOCAL","OFFICIAL_WARNING_OR_DIRECT_OBSERVATION","SHELTER_PENDING_OFFICIAL","SHELTER_PENDING_OFFICIAL","Не импровизировать убежище без актуальной карточки","INDEX_ONLY_NOT_REVIEWED","SHEL|MED-TRAUMA|ENE","WEATHER|SAFE_BUILDING","TBD","TBD","TBD","OUTDOOR","N1_TO_N7","E0_E4","IPMA_ANEPC","NOT_REVIEWED","INDEX_ONLY","YES","NOT_STARTED","","Не импровизировать убежище без актуальной карточки","TBD","TBD","NOT_LINKED","0.3","RECURRENT_OVER_LIFECYCLE","NOT_REVIEWED",""
"NAT-HEAT","NAT","Экстремальная жара","LOCAL_TO_REGIONAL","OFFICIAL_WARNING_OR_TEMPERATURE","OFFICIAL_DIRECTION","OFFICIAL_DIRECTION","Лекарства и хронические болезни требуют персонального плана","INDEX_ONLY_NOT_REVIEWED","MED-ILL|WAT|SHEL|ENE","HEAT|COOLING_SITE|WATER|HEALTHCARE","TBD","TBD","TBD","AGE_PROFILE|CHRONIC_DISEASE","N1_TO_N7","E0_E4","IPMA_DGS_MUNICIPAL","NOT_REVIEWED","INDEX_ONLY","YES","NOT_STARTED","","Лекарства и хронические болезни требуют персонального плана","TBD","TBD","NOT_LINKED","0.3","RECURRENT_OVER_LIFECYCLE","NOT_REVIEWED",""
"NAT-COLD","NAT","Экстремальный холод снег или лёд","LOCAL_TO_REGIONAL","OFFICIAL_WARNING_OR_TEMPERATURE","SHELTER_PENDING_OFFICIAL","SHELTER_PENDING_OFFICIAL","Горение внутри создаёт CO-риск","INDEX_ONLY_NOT_REVIEWED","SHEL|ENE|MED-ILL|TRANS","COLD|ROAD|WARMING_SITE","TBD","TBD","TBD","AGE_PROFILE","N1_TO_N7","E0_E4","IPMA_DGS_ANEPC","NOT_REVIEWED","INDEX_ONLY","YES","NOT_STARTED","","Горение внутри создаёт CO-риск","TBD","TBD","NOT_LINKED","0.3","RECURRENT_OVER_LIFECYCLE","NOT_REVIEWED",""
"NAT-LANDSLIDE","NAT","Оползень обвал или просадка","LOCAL","DIRECT_OBSERVATION_OR_OFFICIAL_ALERT","EXIT_AND_DO_NOT_RETURN","EXIT_AND_DO_NOT_RETURN","Не входить на неустойчивый склон или в повреждённое здание","INDEX_ONLY_NOT_REVIEWED","NAV|SHEL|COM|TRANS","SLOPE|GEOLOGY|NO_GO|ROAD","TBD","TBD","TBD","","N1_TO_N7","E0_E4","ANEPC_MUNICIPAL_LNEG","NOT_REVIEWED","INDEX_ONLY","YES","NOT_STARTED","","Не входить на неустойчивый склон или в повреждённое здание","TBD","TBD","NOT_LINKED","0.3","RECURRENT_OVER_LIFECYCLE","NOT_REVIEWED",""
"NAT-AVALANCHE","NAT","Лавина или снежный склон","LOCAL","OFFICIAL_ALERT_OR_DIRECT_OBSERVATION","OFFICIAL_DIRECTION","OFFICIAL_DIRECTION","Только для применимой территории и с профильной подготовкой","INDEX_ONLY_NOT_REVIEWED","NAV|PPE|COM|TRANS","AVALANCHE|SLOPE|NO_GO","TBD","TBD","TBD","MOUNTAIN","N1_TO_N7","E0_E4","REGIONAL_MOUNTAIN_RESCUE_MET_SERVICE","NOT_REVIEWED","INDEX_ONLY","YES","NOT_STARTED","","Только для применимой территории и с профильной подготовкой","TBD","TBD","NOT_LINKED","0.3","RECURRENT_OVER_LIFECYCLE","NOT_REVIEWED",""
"NAT-DROUGHT","NAT","Засуха и длительный дефицит воды","REGIONAL_TO_LONG_TERM","OFFICIAL_STATUS_OR_SUPPLY_DECLINE","OFFICIAL_DIRECTION","OFFICIAL_DIRECTION","Законность водозабора и качество проверяются отдельно","INDEX_ONLY_NOT_REVIEWED","WAT|FOOD|AGR|FIN|GOV","WATER_RESOURCE|RESTRICTION|FIRE_HAZARD","TBD","TBD","TBD","","N1_TO_N7","E3_E4","APA_IPMA_MUNICIPAL","NOT_REVIEWED","INDEX_ONLY","YES","NOT_STARTED","","Законность водозабора и качество проверяются отдельно","TBD","TBD","NOT_LINKED","0.3","TREND_OR_STATE","NOT_REVIEWED",""
"NAT-COAST","NAT","Штормовой нагон высокие волны или береговая эрозия","COASTAL","OFFICIAL_WARNING_OR_DIRECT_OBSERVATION","MOVE_TO_HIGH_GROUND","MOVE_TO_HIGH_GROUND","Не приближаться к берегу ради наблюдения","INDEX_ONLY_NOT_REVIEWED","NAV|SHEL|TRANS|COM","COASTAL_HAZARD|ELEVATION|NO_GO","TBD","TBD","TBD","COAST","N1_TO_N7","E0_E4","IPMA_APA_ANEPC","NOT_REVIEWED","INDEX_ONLY","YES","NOT_STARTED","","Не приближаться к берегу ради наблюдения","TBD","TBD","NOT_LINKED","0.3","RECURRENT_OVER_LIFECYCLE","NOT_REVIEWED",""
"NAT-DUST","NAT","Пыль песок или зола в воздухе","LOCAL_TO_REGIONAL","OFFICIAL_DATA_OR_DIRECT_OBSERVATION","SHELTER_PENDING_OFFICIAL","SHELTER_PENDING_OFFICIAL","Фильтрация и уборка по типу загрязнения","INDEX_ONLY_NOT_REVIEWED","AIR|PPE|MED-ILL|HOME","AIR_QUALITY|WEATHER","TBD","TBD","TBD","RESPIRATORY_DISEASE","N1_TO_N7","E0_E4","IPMA_DGS_APA","NOT_REVIEWED","INDEX_ONLY","YES","NOT_STARTED","","Фильтрация и уборка по типу загрязнения","TBD","TBD","NOT_LINKED","0.3","RECURRENT_OVER_LIFECYCLE","NOT_REVIEWED",""
"NAT-ANIMAL","NAT","Контакт с опасным животным или растением, укусы и ужаления: оценка красных флагов","PERSON_TO_LOCAL","DIRECT_OBSERVATION_OR_EXPOSURE","ASSESS_RED_FLAGS","ASSESS_RED_FLAGS","112 при угрозе жизни, тяжёлой реакции или иной экстренной развилке; в остальных случаях маршрут зависит от вида контакта и официальной медицинской рекомендации; универсального антидота нет","INDEX_ONLY_NOT_REVIEWED","MED-ILL|PET|PPE|INFO","HEALTHCARE|VET|EXPOSURE_SITE","TBD","TBD","TBD","CHILD|PET","N1_TO_N7","E0_E4","DGS_ICNF_VETERINARY","NOT_REVIEWED","INDEX_ONLY","YES","NOT_STARTED","","112 при угрозе жизни, тяжёлой реакции или иной экстренной развилке; в остальных случаях маршрут зависит от вида контакта и официальной медицинской рекомендации; универсального антидота нет","TBD","TBD","NOT_LINKED","0.3","RECURRENT_OVER_LIFECYCLE","NOT_REVIEWED",""
"NAT-SPACE","NAT","Космическая погода влияющая на связь или энергетику","NATIONAL_TO_SYSTEMIC","OFFICIAL_ALERT","OFFICIAL_DIRECTION","OFFICIAL_DIRECTION","Рассматривать как инфраструктурный каскад","INDEX_ONLY_NOT_REVIEWED","ENE|COM|NAV|INFO","INFRASTRUCTURE|GNSS","TBD","TBD","TBD","","N1_TO_N7","E3_E4","NATIONAL_MET_SPACE_WEATHER_AUTHORITIES","NOT_REVIEWED","INDEX_ONLY","YES","NOT_STARTED","","Рассматривать как инфраструктурный каскад","TBD","TBD","NOT_LINKED","0.3","TREND_OR_STATE","NOT_REVIEWED",""
"TEC-FIRE","TEC","Пожар в здании","BUILDING","ALARM_OR_DIRECT_OBSERVATION","EXIT_AND_DO_NOT_RETURN","EXIT_AND_DO_NOT_RETURN","Не возвращаться за вещами","INDEX_ONLY_NOT_REVIEWED","FIRE|COM|GOV|MED-TRAUMA","BUILDING_EXIT|ASSEMBLY_POINT|FIRE_ACCESS","TBD","TBD","TBD","APARTMENT_HIGH_RISE|MOBILITY_LIMITATION","N1_TO_N7","E0_E4","ANEPC_FIRE_SERVICE_BUILDING_AUTHORITY","NOT_REVIEWED","INDEX_ONLY","YES","NOT_STARTED","","Не возвращаться за вещами","TBD","TBD","NOT_LINKED","0.3","RECURRENT_OVER_LIFECYCLE","NOT_REVIEWED",""
"TEC-CO","TEC","Угарный газ или продукты горения","BUILDING_OR_VEHICLE","ALARM_OR_SYMPTOM","EXIT_AND_DO_NOT_RETURN","EXIT_AND_DO_NOT_RETURN","Не искать источник внутри при продолжающейся опасности","INDEX_ONLY_NOT_REVIEWED","FIRE|AIR|MED-ILL|COM","BUILDING_EXIT|MEDICAL_ACCESS","TBD","TBD","TBD","GENERATOR","N1_TO_N7","E0_E4","ANEPC_DGS_FIRE_SERVICE","NOT_REVIEWED","INDEX_ONLY","YES","NOT_STARTED","","Не искать источник внутри при продолжающейся опасности","TBD","TBD","NOT_LINKED","0.3","RECURRENT_OVER_LIFECYCLE","NOT_REVIEWED",""
"TEC-GAS","TEC","Утечка горючего газа","BUILDING_OR_LOCAL","ODOR_ALARM_OR_OFFICIAL_NOTICE","EXIT_AND_DO_NOT_RETURN","EXIT_AND_DO_NOT_RETURN","Не создавать искру","INDEX_ONLY_NOT_REVIEWED","FIRE|COM|HOME","BUILDING_EXIT|UTILITY_ZONE","TBD","TBD","TBD","","N1_TO_N7","E0_E4","GAS_OPERATOR_ANEPC_FIRE_SERVICE","NOT_REVIEWED","INDEX_ONLY","YES","NOT_STARTED","","Не создавать искру","TBD","TBD","NOT_LINKED","0.3","RECURRENT_OVER_LIFECYCLE","NOT_REVIEWED",""
"TEC-EXPLOSION","TEC","Взрыв или blast incident","LOCAL_TO_MULTI","DIRECT_OBSERVATION","CALL_112","CALL_112","Учитывать вторичные устройства и неустойчивые конструкции","INDEX_ONLY_NOT_REVIEWED","MED-TRAUMA|FIRE|NAV|COM","NO_GO|RESCUE_ACCESS|MEDICAL_ACCESS","TBD","TBD","TBD","","N1_TO_N7","E0_E4","ANEPC_FIRE_POLICE_MEDICAL","NOT_REVIEWED","INDEX_ONLY","YES","NOT_STARTED","","Учитывать вторичные устройства и неустойчивые конструкции","TBD","TBD","NOT_LINKED","0.3","RECURRENT_OVER_LIFECYCLE","NOT_REVIEWED",""
"TEC-COLLAPSE","TEC","Обрушение или серьёзное повреждение здания","BUILDING_OR_LOCAL","DIRECT_OBSERVATION_OR_OFFICIAL_NOTICE","EXIT_AND_DO_NOT_RETURN","EXIT_AND_DO_NOT_RETURN","Не проводить самовольный structural search","INDEX_ONLY_NOT_REVIEWED","SHEL|MED-TRAUMA|COM|NAV","BUILDING|NO_GO|RESCUE_ACCESS","TBD","TBD","TBD","MOBILITY_LIMITATION","N1_TO_N7","E0_E4","ANEPC_FIRE_ENGINEERING_MUNICIPAL","NOT_REVIEWED","INDEX_ONLY","YES","NOT_STARTED","","Не проводить самовольный structural search","TBD","TBD","NOT_LINKED","0.3","RECURRENT_OVER_LIFECYCLE","NOT_REVIEWED",""
"TEC-BATTERY","TEC","Пожар или thermal runaway аккумулятора","BUILDING_OR_VEHICLE","DIRECT_OBSERVATION_OR_ALARM","EXIT_AND_DO_NOT_RETURN","EXIT_AND_DO_NOT_RETURN","Тип батареи и действия требуют карточки производителя/служб","INDEX_ONLY_NOT_REVIEWED","FIRE|ENE|PPE|COM","BUILDING_EXIT|HAZMAT_ACCESS","TBD","TBD","TBD","","N1_TO_N7","E0_E4","FIRE_SERVICE_MANUFACTURER","NOT_REVIEWED","INDEX_ONLY","YES","NOT_STARTED","","Тип батареи и действия требуют карточки производителя/служб","TBD","TBD","NOT_LINKED","0.3","RECURRENT_OVER_LIFECYCLE","NOT_REVIEWED",""
"TEC-CHEM-LOCAL","TEC","Локальный химический разлив или непосредственная экспозиция","LOCAL_SCENE","DIRECT_EXPOSURE_OR_LOCAL_RELEASE","REMOVE_FROM_EXPOSURE_IF_SAFE","REMOVE_FROM_EXPOSURE_IF_SAFE>CALL_112_OR_CIAV>DECONTAMINATION_ONLY_PER_SAFE_GUIDANCE","Не входить в облако и не ждать точной идентификации перед прекращением безопасно устранимой экспозиции","INDEX_ONLY_NOT_REVIEWED","PPE|AIR|COM|MED-ILL|NAV","SEVESO|WIND|NO_GO|MEDICAL_ACCESS","TBD","TBD","TBD","INDUSTRIAL_NEARBY","N1_TO_N7","E0_E4","ANEPC_APA_DGS_CIAV","NOT_REVIEWED","INDEX_ONLY","YES","NOT_STARTED","","Уйти или укрыться зависит от вещества и официальной команды","TBD","TBD","NOT_LINKED","0.3","RECURRENT_OVER_LIFECYCLE","NOT_REVIEWED",""
"TEC-CHEM-PLUME","TEC","Внешнее химическое облако или промышленный выброс","LOCAL_TO_REGIONAL","OFFICIAL_ALERT_OR_OBSERVED_EXTERNAL_RELEASE","SHELTER_OR_EVACUATE_PER_OFFICIAL_DIRECTION","SHELTER_OR_EVACUATE_PER_OFFICIAL_DIRECTION>CONTROL_AIR_PATHS_IF_SHELTERED>REASSESS_FROM_OFFICIAL_SOURCE","Направление ухода или укрытие зависят от вещества, ветра, здания и официальной команды; не строить бытовую plume-модель","INDEX_ONLY_NOT_REVIEWED","PPE|AIR|COM|MED-ILL|NAV","SEVESO|WIND|OFFICIAL_ZONE|NO_GO|MEDICAL_ACCESS","TBD","TBD","TBD","INDUSTRIAL_NEARBY|RESPIRATORY_DISEASE|MOBILITY_LIMITATION","N1_TO_N7","E0_E4","ANEPC_APA_DGS_CIAV","NOT_REVIEWED","INDEX_ONLY","YES","NOT_STARTED","","","TBD","TBD","NOT_LINKED","0.3","RECURRENT_OVER_LIFECYCLE","NOT_REVIEWED",""
"TEC-HAZMAT-TRANSPORT","TEC","ДТП с опасным грузом или неизвестным веществом","LOCAL","DIRECT_OBSERVATION_OR_OFFICIAL_ALERT","CALL_112","CALL_112","Не приближаться для чтения маркировки","INDEX_ONLY_NOT_REVIEWED","NAV|PPE|AIR|COM","HAZMAT_ROUTE|NO_GO|WIND","TBD","TBD","TBD","ROAD","N1_TO_N7","E0_E4","ANEPC_FIRE_POLICE","NOT_REVIEWED","INDEX_ONLY","YES","NOT_STARTED","","Не приближаться для чтения маркировки","TBD","TBD","NOT_LINKED","0.3","RECURRENT_OVER_LIFECYCLE","NOT_REVIEWED",""
"TEC-SEVESO","TEC","Крупная промышленная авария","LOCAL_TO_REGIONAL","OFFICIAL_ALERT","OFFICIAL_DIRECTION","OFFICIAL_DIRECTION","Не строить самодельный безопасный радиус","INDEX_ONLY_NOT_REVIEWED","AIR|PPE|NAV|COM|GOV","SEVESO|OFFICIAL_ZONE|EVAC_ROUTE","TBD","TBD","TBD","INDUSTRIAL_NEARBY","N1_TO_N7","E0_E4","ANEPC_APA_MUNICIPAL","NOT_REVIEWED","INDEX_ONLY","YES","NOT_STARTED","","Не строить самодельный безопасный радиус","TBD","TBD","NOT_LINKED","0.3","RECURRENT_OVER_LIFECYCLE","NOT_REVIEWED",""
"TEC-DAM","TEC","Авария плотины или быстрый downstream flood","LOCAL_TO_REGIONAL","OFFICIAL_ALERT_OR_DIRECT_OBSERVATION","MOVE_TO_HIGH_GROUND","MOVE_TO_HIGH_GROUND","Только по официальной зоне и маршруту","INDEX_ONLY_NOT_REVIEWED","NAV|TRANS|COM|GOV","DAM_PLAN|DOWNSTREAM_ZONE|ELEVATION","TBD","TBD","TBD","DAM_DOWNSTREAM","N1_TO_N7","E0_E4","ANEPC_APA_MUNICIPAL_OPERATOR","NOT_REVIEWED","INDEX_ONLY","YES","NOT_STARTED","","Только по официальной зоне и маршруту","TBD","TBD","NOT_LINKED","0.3","RECURRENT_OVER_LIFECYCLE","NOT_REVIEWED",""
"TEC-RAD-SOURCE","TEC","Подозрительный локальный радиационный источник","LOCAL","DIRECT_OBSERVATION_OR_OFFICIAL_NOTICE","CALL_112","CALL_112","Не трогать и увеличить дистанцию","INDEX_ONLY_NOT_REVIEWED","PPE|COM|GOV","NO_GO|EXACT_LOCATION","TBD","TBD","TBD","","N1_TO_N7","E0_E4","ANEPC_APA_RADNET_POLICE","NOT_REVIEWED","INDEX_ONLY","YES","NOT_STARTED","","Не трогать и увеличить дистанцию","TBD","TBD","NOT_LINKED","0.3","RECURRENT_OVER_LIFECYCLE","NOT_REVIEWED",""
"TEC-RAD-FALLOUT","TEC","Наружное радиологическое загрязнение или fallout","REGIONAL","OFFICIAL_ALERT_OR_MAJOR_EVENT","SHELTER_PENDING_OFFICIAL","SHELTER_PENDING_OFFICIAL","Йод только по официальному указанию","INDEX_ONLY_NOT_REVIEWED","SHEL|AIR|PPE|WAT|INFO","OFFICIAL_ZONE|RADNET|SAFE_BUILDING","TBD","TBD","TBD","","N1_TO_N7","E0_E4","ANEPC_APA_DGS","NOT_REVIEWED","INDEX_ONLY","YES","NOT_STARTED","","Йод только по официальному указанию","TBD","TBD","NOT_LINKED","0.3","RECURRENT_OVER_LIFECYCLE","NOT_REVIEWED",""
"TEC-UNKNOWN-ITEM","TEC","Неизвестный порошок контейнер или подозрительный предмет","LOCAL","DIRECT_OBSERVATION","CALL_112","CALL_112","Не трогать не нюхать не перемещать","INDEX_ONLY_NOT_REVIEWED","PPE|COM|SAFE","NO_GO|EXACT_LOCATION","TBD","TBD","TBD","","N1_TO_N7","E0_E4","POLICE_FIRE_ANEPC","NOT_REVIEWED","INDEX_ONLY","YES","NOT_STARTED","","Не трогать не нюхать не перемещать","TBD","TBD","NOT_LINKED","0.3","RECURRENT_OVER_LIFECYCLE","NOT_REVIEWED",""
"TEC-UXO","TEC","Мина боеприпас или неразорвавшийся предмет","LOCAL_TO_CONFLICT","DIRECT_OBSERVATION_OR_OFFICIAL_ALERT","CALL_112","CALL_112","Не приближаться и не маркировать рядом физически","INDEX_ONLY_NOT_REVIEWED","SAFE|NAV|COM","NO_GO|EXACT_LOCATION","TBD","TBD","TBD","CONFLICT","N1_TO_N7","E0_E4","POLICE_MILITARY_CIVIL_PROTECTION","NOT_REVIEWED","INDEX_ONLY","YES","NOT_STARTED","","Не приближаться и не маркировать рядом физически","TBD","TBD","NOT_LINKED","0.3","RECURRENT_OVER_LIFECYCLE","NOT_REVIEWED",""
"TEC-ELECTRIC-SCENE","TEC","Оголённый провод затопленная электрика или иная действующая электрическая опасность","PERSON_TO_GROUP","DIRECT_OBSERVATION_OR_ALARM","DO_NOT_TOUCH_OR_ENTER","DO_NOT_TOUCH_OR_ENTER>ISOLATE_POWER_ONLY_IF_SAFE_AND_AUTHORIZED>CALL_112_OR_UTILITY","Пострадавшего или воду не касаться, пока источник не изолирован компетентно; отключение допустимо только без входа в опасную зону","INDEX_ONLY_NOT_REVIEWED","FIRE|HOME|MED-BLS|COM|SAFE","UTILITY_SHUTOFF|NO_GO|RESCUE_ACCESS","TBD","TBD","TBD","CHILD|MOBILITY_LIMITATION|FLOODPLAIN","N1_TO_N7","E0_E4","ANEPC_UTILITY_112","NOT_REVIEWED","INDEX_ONLY","YES","NOT_STARTED","","","TBD","TBD","NOT_LINKED","0.3","RECURRENT_OVER_LIFECYCLE","NOT_REVIEWED",""
"TEC-CONFINED","TEC","Застревание в лифте тоннеле колодце или замкнутом пространстве","PERSON_TO_GROUP","DIRECT_OBSERVATION_OR_LOST_CONTACT","CALL_112","CALL_112>DO_NOT_ENTER_OR_IMPROVISE_RESCUE>MAINTAIN_SAFE_CONTACT_AND_ACCOUNT","Неподготовленный вход может создать нескольких пострадавших из-за газа, энергии, воды, конструкции или ограниченного выхода","INDEX_ONLY_NOT_REVIEWED","SAFE|COM|NAV|MED-BLS","EXACT_LOCATION|RESCUE_ACCESS|UTILITY_ZONE|NO_GO","TBD","TBD","TBD","UNDERGROUND|TUNNEL|MOBILITY_LIMITATION|CHILD","N1_TO_N7","E0_E4","112_FIRE_RESCUE_UTILITY","NOT_REVIEWED","INDEX_ONLY","YES","NOT_STARTED","","","TBD","TBD","NOT_LINKED","0.3","RECURRENT_OVER_LIFECYCLE","NOT_REVIEWED",""
"INF-POWER","INF","Отключение электричества","HOUSEHOLD_TO_REGIONAL","SERVICE_FAILURE_OR_OFFICIAL_NOTICE","ASSESS_DEPENDENCIES","ASSESS_DEPENDENCIES>CHECK_OFFICIAL_STATUS>ISOLATE_SPECIFIC_FAILED_EQUIPMENT_IF_NEEDED","Обычный outage не равен опасному электрическому объекту; сначала люди, медзависимости, пожар/CO и официальная информация","INDEX_ONLY_NOT_REVIEWED","ENE|FIRE|COM|MED-NCD|FOOD","UTILITY_ZONE|CHARGING|HEALTHCARE","TBD","TBD","TBD","OXYGEN_OR_POWER_DEPENDENT","N1_TO_N7","E0_E4","GRID_OPERATOR_ANEPC_MUNICIPAL","NOT_REVIEWED","INDEX_ONLY","YES","NOT_STARTED","","CO и холодовая цепь являются отдельными рисками","TBD","TBD","NOT_LINKED","0.3","RECURRENT_OVER_LIFECYCLE","NOT_REVIEWED",""
"INF-WATER-OFF","INF","Прекращение или низкое давление воды","HOUSEHOLD_TO_MUNICIPAL","SERVICE_FAILURE_OR_OFFICIAL_NOTICE","OFFICIAL_DIRECTION","OFFICIAL_DIRECTION","Планировать хранение и refill до события","INDEX_ONLY_NOT_REVIEWED","WAT|SAN|FOOD|MED-NCD","WATER_DISTRIBUTION|SUPPLY_POINTS","TBD","TBD","TBD","","N1_TO_N7","E0_E4","WATER_OPERATOR_MUNICIPAL_DGS","NOT_REVIEWED","INDEX_ONLY","YES","NOT_STARTED","","Планировать хранение и refill до события","TBD","TBD","NOT_LINKED","0.3","RECURRENT_OVER_LIFECYCLE","NOT_REVIEWED",""
"INF-WATER-CONTAM","INF","Официальное или подозреваемое загрязнение водопровода","HOUSEHOLD_TO_MUNICIPAL","OFFICIAL_NOTICE_OR_OBSERVATION","ISOLATE_AND_LOCKOUT","ISOLATE_AND_LOCKOUT","Кипячение не исправляет любой тип загрязнения","INDEX_ONLY_NOT_REVIEWED","WAT|SAN|INFO|MED-ILL","WATER_DISTRIBUTION|OFFICIAL_ZONE","TBD","TBD","TBD","","N1_TO_N7","E0_E4","WATER_OPERATOR_DGS_APA","NOT_REVIEWED","INDEX_ONLY","YES","NOT_STARTED","","Кипячение не исправляет любой тип загрязнения","TBD","TBD","NOT_LINKED","0.3","RECURRENT_OVER_LIFECYCLE","NOT_REVIEWED",""
"INF-SEWER","INF","Отказ канализации дренажа или туалета","BUILDING_TO_MUNICIPAL","SERVICE_FAILURE_OR_BACKFLOW","ISOLATE_AND_LOCKOUT","ISOLATE_AND_LOCKOUT","Разделять чистую и загрязнённую зоны","INDEX_ONLY_NOT_REVIEWED","SAN|WAT|PPE|HOME","SEWER|FLOOD|WASTE_ROUTE","TBD","TBD","TBD","ACCESSIBILITY","N1_TO_N7","E0_E4","MUNICIPAL_WATER_OPERATOR_DGS","NOT_REVIEWED","INDEX_ONLY","YES","NOT_STARTED","","Разделять чистую и загрязнённую зоны","TBD","TBD","NOT_LINKED","0.3","RECURRENT_OVER_LIFECYCLE","NOT_REVIEWED",""
"INF-GAS-FUEL","INF","Прекращение газа топлива или безопасной готовки","HOUSEHOLD_TO_REGIONAL","SUPPLY_FAILURE","OFFICIAL_DIRECTION","OFFICIAL_DIRECTION","Не переносить горение в жилой объём","INDEX_ONLY_NOT_REVIEWED","FOOD|ENE|FIRE|FIN","FUEL|SUPPLY|COOKING_SITE","TBD","TBD","TBD","","N1_TO_N7","E0_E4","UTILITY_OPERATOR_MUNICIPAL","NOT_REVIEWED","INDEX_ONLY","YES","NOT_STARTED","","Не переносить горение в жилой объём","TBD","TBD","NOT_LINKED","0.3","RECURRENT_OVER_LIFECYCLE","NOT_REVIEWED",""
"INF-TEL","INF","Отсутствие мобильной или телефонной связи","LOCAL_TO_REGIONAL","SERVICE_FAILURE","REUNIFY_AND_ACCOUNT","REUNIFY_AND_ACCOUNT","Два приложения на одном телефоне не независимы","INDEX_ONLY_NOT_REVIEWED","COM|INFO|GOV|NAV","COVERAGE|MEETUP|MESSAGE_POINT","TBD","TBD","TBD","","N1_TO_N7","E0_E4","ANACOM_OPERATORS_ANEPC","NOT_REVIEWED","INDEX_ONLY","YES","NOT_STARTED","","Два приложения на одном телефоне не независимы","TBD","TBD","NOT_LINKED","0.3","RECURRENT_OVER_LIFECYCLE","NOT_REVIEWED",""
"INF-INTERNET","INF","Отсутствие интернета или облачных сервисов","HOUSEHOLD_TO_GLOBAL","SERVICE_FAILURE","PRESERVE_EVIDENCE_AND_RECOVER","PRESERVE_EVIDENCE_AND_RECOVER","Критические инструкции должны работать офлайн","INDEX_ONLY_NOT_REVIEWED","INFO|CYB|DOC|COM","OFFLINE_RESOURCES|SERVICE_POINTS","TBD","TBD","TBD","","N1_TO_N7","E0_E4","PROVIDER_ANACOM","NOT_REVIEWED","INDEX_ONLY","YES","NOT_STARTED","","Критические инструкции должны работать офлайн","TBD","TBD","NOT_LINKED","0.3","RECURRENT_OVER_LIFECYCLE","NOT_REVIEWED",""
"INF-GNSS","INF","Недоступная или неверная спутниковая навигация","LOCAL_TO_REGIONAL","DEVICE_ANOMALY_OR_OFFICIAL_NOTICE","ISOLATE_AND_LOCKOUT","ISOLATE_AND_LOCKOUT","Бумажная карта и навык обязательны","INDEX_ONLY_NOT_REVIEWED","NAV|INFO|COM","PAPER_MAP|LANDMARKS|ROUTE","TBD","TBD","TBD","","N1_TO_N7","E0_E4","OFFICIAL_NAV_AUTHORITY","NOT_REVIEWED","INDEX_ONLY","YES","NOT_STARTED","","Бумажная карта и навык обязательны","TBD","TBD","NOT_LINKED","0.3","RECURRENT_OVER_LIFECYCLE","NOT_REVIEWED",""
"INF-ROAD","INF","Закрытие дороги мостов тоннелей или общественного транспорта","LOCAL_TO_REGIONAL","OFFICIAL_NOTICE_OR_DIRECT_OBSERVATION","OFFICIAL_DIRECTION","OFFICIAL_DIRECTION","Резерв не должен иметь тот же chokepoint","INDEX_ONLY_NOT_REVIEWED","NAV|TRANS|COM|GOV","ROAD|CLOSURE|CHOKEPOINT|ALT_ROUTE","TBD","TBD","TBD","MOBILITY_LIMITATION","N1_TO_N7","E0_E4","ROAD_OPERATOR_POLICE_ANEPC","NOT_REVIEWED","INDEX_ONLY","YES","NOT_STARTED","","Резерв не должен иметь тот же chokepoint","TBD","TBD","NOT_LINKED","0.3","RECURRENT_OVER_LIFECYCLE","NOT_REVIEWED",""
"INF-PAY","INF","Платёжный банковский или ATM-сбой","LOCAL_TO_SYSTEMIC","SERVICE_FAILURE_OR_OFFICIAL_NOTICE","PRESERVE_EVIDENCE_AND_RECOVER","PRESERVE_EVIDENCE_AND_RECOVER","Небольшой законный резерв и записи обязательств","INDEX_ONLY_NOT_REVIEWED","FIN|DOC|CYB|INFO","BANK|ADMIN|SUPPLY","TBD","TBD","TBD","","N1_TO_N7","E0_E4","BANK_REGULATOR_PROVIDER_POLICE","NOT_REVIEWED","INDEX_ONLY","YES","NOT_STARTED","","Небольшой законный резерв и записи обязательств","TBD","TBD","NOT_LINKED","0.3","RECURRENT_OVER_LIFECYCLE","NOT_REVIEWED",""
"INF-SUPPLY","INF","Дефицит пищи лекарств топлива или расходников","LOCAL_TO_SYSTEMIC","SUPPLY_DECLINE_OR_OFFICIAL_NOTICE","OFFICIAL_DIRECTION","OFFICIAL_DIRECTION","Ротация и раннее законное пополнение","INDEX_ONLY_NOT_REVIEWED","FOOD|MED-NCD|WAT|FIN|TRANS","SUPPLY|PHARMACY|FUEL|ALT_REGION","TBD","TBD","TBD","","N1_TO_N7","E2_E4","SECTOR_AUTHORITIES_MUNICIPAL","NOT_REVIEWED","INDEX_ONLY","YES","NOT_STARTED","","Ротация и раннее законное пополнение","TBD","TBD","NOT_LINKED","0.3","TREND_OR_STATE","NOT_REVIEWED",""
"INF-HEALTH","INF","Перегрузка или недоступность здравоохранения и аптек","LOCAL_TO_SYSTEMIC","SERVICE_FAILURE_OR_OFFICIAL_NOTICE","OFFICIAL_DIRECTION","OFFICIAL_DIRECTION","Continuity plan до кризиса","INDEX_ONLY_NOT_REVIEWED","MED-NCD|MED-ILL|TRANS|COM","HEALTHCARE|PHARMACY|ALT_REGION","TBD","TBD","TBD","CHRONIC_DISEASE","N1_TO_N7","E0_E4","SNS_DGS_MUNICIPAL","NOT_REVIEWED","INDEX_ONLY","YES","NOT_STARTED","","Continuity plan до кризиса","TBD","TBD","NOT_LINKED","0.3","RECURRENT_OVER_LIFECYCLE","NOT_REVIEWED",""
"INF-HOUSING","INF","Непригодность жилья или массовое временное размещение","HOUSEHOLD_TO_REGIONAL","DIRECT_OBSERVATION_OR_OFFICIAL_NOTICE","OFFICIAL_DIRECTION","OFFICIAL_DIRECTION","Объект не считается открытым без подтверждения","INDEX_ONLY_NOT_REVIEWED","SHEL|DOC|FIN|SAN|SAFE","SHELTER|HOUSING|REUNIFICATION","TBD","TBD","TBD","PET|ACCESSIBILITY","N1_TO_N7","E0_E4","MUNICIPAL_ANEPC_SOCIAL_SERVICES","NOT_REVIEWED","INDEX_ONLY","YES","NOT_STARTED","","Объект не считается открытым без подтверждения","TBD","TBD","NOT_LINKED","0.3","RECURRENT_OVER_LIFECYCLE","NOT_REVIEWED",""
"CYB-DEVICE","CYB","Потеря кража или поломка устройства","PERSON_OR_HOUSEHOLD","DIRECT_OBSERVATION","PRESERVE_EVIDENCE_AND_RECOVER","PRESERVE_EVIDENCE_AND_RECOVER","Удалённая блокировка и recovery по заранее сохранённому плану","INDEX_ONLY_NOT_REVIEWED","CYB|DOC|COM|FIN","TRUSTED_SERVICE|ADMIN","TBD","TBD","TBD","","N1_TO_N7","E0_E4","PLATFORM_VENDOR_POLICE_AS_APPLICABLE","NOT_REVIEWED","INDEX_ONLY","YES","NOT_STARTED","","Удалённая блокировка и recovery по заранее сохранённому плану","TBD","TBD","NOT_LINKED","0.3","RECURRENT_OVER_LIFECYCLE","NOT_REVIEWED",""
"CYB-ACCOUNT","CYB","Блокировка аккаунта или утрата MFA","PERSON_OR_HOUSEHOLD","ACCESS_FAILURE","PRESERVE_EVIDENCE_AND_RECOVER","PRESERVE_EVIDENCE_AND_RECOVER","Recovery-коды офлайн и наследуемая процедура","INDEX_ONLY_NOT_REVIEWED","CYB|DOC|FIN","TRUSTED_SERVICE|ADMIN","TBD","TBD","TBD","","N1_TO_N7","E0_E4","SERVICE_PROVIDER","NOT_REVIEWED","INDEX_ONLY","YES","NOT_STARTED","","Recovery-коды офлайн и наследуемая процедура","TBD","TBD","NOT_LINKED","0.3","RECURRENT_OVER_LIFECYCLE","NOT_REVIEWED",""
"CYB-PHISH","CYB","Phishing social engineering или impersonation","PERSON_TO_GROUP","SUSPICIOUS_MESSAGE_OR_TRANSACTION","PRESERVE_EVIDENCE_AND_RECOVER","PRESERVE_EVIDENCE_AND_RECOVER","Проверять через независимый канал","INDEX_ONLY_NOT_REVIEWED","CYB|FIN|SAFE|INFO","POLICE|BANK|SERVICE_PROVIDER","TBD","TBD","TBD","LANGUAGE_BARRIER","N1_TO_N7","E0_E4","POLICE_BANK_PROVIDER_CYBER_AUTHORITY","NOT_REVIEWED","INDEX_ONLY","YES","NOT_STARTED","","Проверять через независимый канал","TBD","TBD","NOT_LINKED","0.3","RECURRENT_OVER_LIFECYCLE","NOT_REVIEWED",""
"CYB-MALWARE","CYB","Malware или ransomware","DEVICE_TO_ORGANIZATION","SECURITY_ALERT_OR_ANOMALY","ISOLATE_AND_LOCKOUT","ISOLATE_AND_LOCKOUT","Восстановление только из проверенного бэкапа","INDEX_ONLY_NOT_REVIEWED","CYB|INFO|FIN","TRUSTED_DEVICE|RECOVERY_SITE","TBD","TBD","TBD","","N1_TO_N7","E0_E4","NATIONAL_CYBER_AUTHORITY_VENDOR","NOT_REVIEWED","INDEX_ONLY","YES","NOT_STARTED","","Восстановление только из проверенного бэкапа","TBD","TBD","NOT_LINKED","0.3","RECURRENT_OVER_LIFECYCLE","NOT_REVIEWED",""
"CYB-DATA","CYB","Удаление порча или потеря данных","PERSON_TO_HOUSEHOLD","RESTORE_FAILURE_OR_MISSING_DATA","PRESERVE_EVIDENCE_AND_RECOVER","PRESERVE_EVIDENCE_AND_RECOVER","Backup не доказан без restore-test","INDEX_ONLY_NOT_REVIEWED","CYB|INFO|DOC","OFFSITE_BACKUP|TRUSTED_DEVICE","TBD","TBD","TBD","","N1_TO_N7","E4","CISA_NATIONAL_CYBER_AUTHORITY","NOT_REVIEWED","INDEX_ONLY","YES","NOT_STARTED","","Backup не доказан без restore-test","TBD","TBD","NOT_LINKED","0.3","CAPABILITY_CONTINUITY","NOT_REVIEWED",""
"CYB-LEAK","CYB","Утечка персональных медицинских или адресных данных","PERSON_TO_GROUP","BREACH_NOTICE_OR_DIRECT_OBSERVATION","PRESERVE_EVIDENCE_AND_RECOVER","PRESERVE_EVIDENCE_AND_RECOVER","Оценить физические точки и доступы которые раскрыты","INDEX_ONLY_NOT_REVIEWED","CYB|SAFE|DOC|LEG","POLICE|REGULATOR|ADMIN","TBD","TBD","TBD","CHILD","N1_TO_N7","E0_E4","DATA_PROTECTION_AUTHORITY_POLICE","NOT_REVIEWED","INDEX_ONLY","YES","NOT_STARTED","","Оценить физические точки и доступы которые раскрыты","TBD","TBD","NOT_LINKED","0.3","RECURRENT_OVER_LIFECYCLE","NOT_REVIEWED",""
"CYB-DISINFO","CYB","Дезинформация подмена официального сообщения или deepfake","LOCAL_TO_GLOBAL","CONFLICTING_MESSAGE","OFFICIAL_DIRECTION","OFFICIAL_DIRECTION","Сверять источник время и применимую территорию","INDEX_ONLY_NOT_REVIEWED","INFO|COM|GOV|SAFE","OFFICIAL_SOURCE|CURRENT_ZONE","TBD","TBD","TBD","","N1_TO_N7","E0_E4","ANEPC_DGS_GOVERNMENT_PRIMARY_SOURCE","NOT_REVIEWED","INDEX_ONLY","YES","NOT_STARTED","","Сверять источник время и применимую территорию","TBD","TBD","NOT_LINKED","0.3","RECURRENT_OVER_LIFECYCLE","NOT_REVIEWED",""
"CYB-SMART-HOME","CYB","Отказ умного замка автоматики или удалённого управления","BUILDING","ACCESS_OR_CONTROL_FAILURE","ISOLATE_AND_LOCKOUT","ISOLATE_AND_LOCKOUT","Нужен безопасный ручной fallback","INDEX_ONLY_NOT_REVIEWED","HOME|FIRE|CYB|ENE","BUILDING_EXIT|MANUAL_CONTROL","TBD","TBD","TBD","ACCESSIBILITY","N1_TO_N7","E0_E4","MANUFACTURER_BUILDING_AUTHORITY","NOT_REVIEWED","INDEX_ONLY","YES","NOT_STARTED","","Нужен безопасный ручной fallback","TBD","TBD","NOT_LINKED","0.3","RECURRENT_OVER_LIFECYCLE","NOT_REVIEWED",""
"SEC-CRIME","SEC","Кража грабёж или преступление в моменте","PERSON_OR_BUILDING","DIRECT_OBSERVATION","CALL_112","CALL_112","Приоритет уход дистанция и помощь","INDEX_ONLY_NOT_REVIEWED","SAFE|COM|DOC","SAFE_EXIT|POLICE|EXACT_LOCATION","TBD","TBD","TBD","","N1_TO_N7","E0_E4","POLICE_112","NOT_REVIEWED","INDEX_ONLY","YES","NOT_STARTED","","Приоритет уход дистанция и помощь","TBD","TBD","NOT_LINKED","0.3","RECURRENT_OVER_LIFECYCLE","NOT_REVIEWED",""
"SEC-DOMESTIC","SEC","Домашнее или гендерное насилие coercive control","PERSON_OR_HOUSEHOLD","DISCLOSURE_OR_DIRECT_OBSERVATION","DISCREET_SAFETY","DISCREET_SAFETY>TRUSTED_CHANNEL_IF_SAFE>CALL_112_IF_IMMEDIATE_DANGER","Не провоцировать раскрытие плана или использование контролируемого устройства; 112 при непосредственной опасности","INDEX_ONLY_NOT_REVIEWED","SAFE|DOC|COM|SHEL","SAFE_SERVICE|SHELTER|POLICE","TBD","TBD","TBD","CHILD","N1_TO_N7","E0_E4","POLICE_SOCIAL_HEALTH_SPECIALIST_SERVICES","NOT_REVIEWED","INDEX_ONLY","YES","NOT_STARTED","","План не должен быть доступен агрессору","TBD","TBD","NOT_LINKED","0.3","RECURRENT_OVER_LIFECYCLE","NOT_REVIEWED",""
"SEC-MISSING","SEC","Пропавший человек ребёнок или животное","LOCAL_TO_REGIONAL","MISSED_ACCOUNTABILITY","REUNIFY_AND_ACCOUNT","REUNIFY_AND_ACCOUNT","Не создавать новых пострадавших самовольным поиском","INDEX_ONLY_NOT_REVIEWED","GOV|COM|NAV|SAFE|PET","LAST_KNOWN|ROUTE|POLICE|MEETUP","TBD","TBD","TBD","CHILD|PET","N1_TO_N7","E0_E4","POLICE_112_ANIMAL_AUTHORITY_AS_APPLICABLE","NOT_REVIEWED","INDEX_ONLY","YES","NOT_STARTED","","Не создавать новых пострадавших самовольным поиском","TBD","TBD","NOT_LINKED","0.3","RECURRENT_OVER_LIFECYCLE","NOT_REVIEWED",""
"SEC-CROWD","SEC","Толпа паника давка или беспорядки","LOCAL","DIRECT_OBSERVATION_OR_OFFICIAL_NOTICE","EXIT_AND_DO_NOT_RETURN","EXIT_AND_DO_NOT_RETURN","Ранний уход и reunification","INDEX_ONLY_NOT_REVIEWED","SAFE|NAV|COM|MED-TRAUMA","CROWD|SAFE_EXIT|MEETUP","TBD","TBD","TBD","CHILD|MOBILITY_LIMITATION","N1_TO_N7","E0_E4","POLICE_ANEPC_MEDICAL","NOT_REVIEWED","INDEX_ONLY","YES","NOT_STARTED","","Ранний уход и reunification","TBD","TBD","NOT_LINKED","0.3","RECURRENT_OVER_LIFECYCLE","NOT_REVIEWED",""
"SEC-MASS-VIOLENCE","SEC","Массовое насилие или террористический инцидент","LOCAL_TO_MULTI","DIRECT_OBSERVATION_OR_OFFICIAL_ALERT","ESCAPE_OR_PROTECTIVE_SHELTER","ESCAPE_OR_PROTECTIVE_SHELTER>CALL_112_WHEN_SAFE>REUNIFY_AND_ACCOUNT","Немедленная физическая защита предшествует звонку, если звонок задерживает уход или раскрывает позицию","INDEX_ONLY_NOT_REVIEWED","SAFE|COM|MED-TRAUMA|GOV","NO_GO|POLICE|MEDICAL_ACCESS","TBD","TBD","TBD","","N1_TO_N7","E0_E4","POLICE_ANEPC_MEDICAL","NOT_REVIEWED","INDEX_ONLY","YES","NOT_STARTED","","Без наступательных или оружейных инструкций","TBD","TBD","NOT_LINKED","0.3","RECURRENT_OVER_LIFECYCLE","NOT_REVIEWED",""
"SEC-CONFLICT","SEC","Вооружённый конфликт обстрел или вынужденное перемещение","REGIONAL_TO_SYSTEMIC","OFFICIAL_ALERT_OR_DIRECT_OBSERVATION","OFFICIAL_DIRECTION","OFFICIAL_DIRECTION","Мины и UXO отдельный default-deny контур","INDEX_ONLY_NOT_REVIEWED","SAFE|SHEL|NAV|DOC|MED-NCD","OFFICIAL_ZONE|SHELTER|BORDER|EVAC_ROUTE","TBD","TBD","TBD","DISPLACED","N1_TO_N7","E0_E4","CIVIL_PROTECTION_GOVERNMENT_HUMANITARIAN","NOT_REVIEWED","INDEX_ONLY","YES","NOT_STARTED","","Мины и UXO отдельный default-deny контур","TBD","TBD","NOT_LINKED","0.3","RECURRENT_OVER_LIFECYCLE","NOT_REVIEWED",""
"SEC-EXPLOIT","SEC","Эксплуатация trafficking или мошенническая помощь","PERSON_TO_GROUP","SUSPICIOUS_OFFER_OR_DISCLOSURE","DISCREET_SAFETY","DISCREET_SAFETY>PRESERVE_EVIDENCE_IF_SAFE>TRUSTED_AUTHORITY_OR_112_IF_IMMEDIATE_DANGER","Не сообщать подозреваемому о плане и не ставить пострадавшего под дополнительный риск","INDEX_ONLY_NOT_REVIEWED","SAFE|DOC|COM|LEG","POLICE|SOCIAL_SERVICE|SAFE_SITE","TBD","TBD","TBD","CHILD|MIGRANT","N1_TO_N7","E0_E4","POLICE_SOCIAL_SPECIALIST_SERVICES","NOT_REVIEWED","INDEX_ONLY","YES","NOT_STARTED","","Проверять личность и организацию независимо","TBD","TBD","NOT_LINKED","0.3","RECURRENT_OVER_LIFECYCLE","NOT_REVIEWED",""
"SEC-INTERNAL","SEC","Конфликт внутри группы или unsafe behavior","GROUP","DIRECT_OBSERVATION","REUNIFY_AND_ACCOUNT","REUNIFY_AND_ACCOUNT","Safety veto и внешняя помощь при угрозе","INDEX_ONLY_NOT_REVIEWED","GOV|SAFE|MED-MH|COM","SAFE_SPACE|EXTERNAL_HELP","TBD","TBD","TBD","","N1_TO_N7","E0_E4","HEALTH_SOCIAL_POLICE_AS_APPLICABLE","NOT_REVIEWED","INDEX_ONLY","YES","NOT_STARTED","","Safety veto и внешняя помощь при угрозе","TBD","TBD","NOT_LINKED","0.3","RECURRENT_OVER_LIFECYCLE","NOT_REVIEWED",""
"SOC-HOME-LOSS","SOC","Потеря жилья пожар наводнение выселение или непригодность","HOUSEHOLD","DIRECT_OBSERVATION_OR_OFFICIAL_NOTICE","OFFICIAL_DIRECTION","OFFICIAL_DIRECTION","Сохранить доказательства без входа в опасное здание","INDEX_ONLY_NOT_REVIEWED","SHEL|DOC|FIN|REC|SAFE","SHELTER|ADMIN|INSURER","TBD","TBD","TBD","PET|ACCESSIBILITY","N1_TO_N7","E0_E4","MUNICIPAL_SOCIAL_INSURER_LEGAL","NOT_REVIEWED","INDEX_ONLY","YES","NOT_STARTED","","Сохранить доказательства без входа в опасное здание","TBD","TBD","NOT_LINKED","0.3","RECURRENT_OVER_LIFECYCLE","NOT_REVIEWED",""
"SOC-INCOME","SOC","Потеря работы дохода или длительный кассовый разрыв","HOUSEHOLD_TO_SYSTEMIC","FINANCIAL_EVENT","PRESERVE_EVIDENCE_AND_RECOVER","PRESERVE_EVIDENCE_AND_RECOVER","Приоритет непрерывность жилья здоровья и питания","INDEX_ONLY_NOT_REVIEWED","FIN|DOC|FOOD|SHEL|LEG","SOCIAL_SERVICE|BANK|ADMIN","TBD","TBD","TBD","","N1_TO_N7","E3_E4","GOV_BANK_SOCIAL_LEGAL","NOT_REVIEWED","INDEX_ONLY","YES","NOT_STARTED","","Приоритет непрерывность жилья здоровья и питания","TBD","TBD","NOT_LINKED","0.3","TREND_OR_STATE","NOT_REVIEWED",""
"SOC-DOC","SOC","Потеря паспорта ВНЖ рецепта страховки или ключевого документа","PERSON_OR_HOUSEHOLD","DIRECT_OBSERVATION","PRESERVE_EVIDENCE_AND_RECOVER","PRESERVE_EVIDENCE_AND_RECOVER","Офлайн копия не заменяет оригинал но ускоряет восстановление","INDEX_ONLY_NOT_REVIEWED","DOC|LEG|CYB|FIN","ADMIN|CONSULATE|POLICE","TBD","TBD","TBD","ABROAD","N1_TO_N7","E0_E4","GOV_CONSULATE_POLICE","NOT_REVIEWED","INDEX_ONLY","YES","NOT_STARTED","","Офлайн копия не заменяет оригинал но ускоряет восстановление","TBD","TBD","NOT_LINKED","0.3","RECURRENT_OVER_LIFECYCLE","NOT_REVIEWED",""
"SOC-MIGRATION","SOC","Срочная миграция граница или эвакуация за рубеж","HOUSEHOLD_TO_REGIONAL","OFFICIAL_DIRECTION_OR_LOSS_OF_SAFETY","OFFICIAL_DIRECTION","OFFICIAL_DIRECTION","Правила пересечения и статус проверяются непосредственно перед действием","INDEX_ONLY_NOT_REVIEWED","DOC|LEG|NAV|MED-NCD|FIN","BORDER|CONSULATE|EVAC_ROUTE|SHELTER","TBD","TBD","TBD","ABROAD|PET","N1_TO_N7","E0_E4","GOV_CONSULATE_BORDER_HUMANITARIAN","NOT_REVIEWED","INDEX_ONLY","YES","NOT_STARTED","","Правила пересечения и статус проверяются непосредственно перед действием","TBD","TBD","NOT_LINKED","0.3","RECURRENT_OVER_LIFECYCLE","NOT_REVIEWED",""
"SOC-CAREGIVER","SOC","Госпитализация смерть или недоступность caregiver","HOUSEHOLD","DIRECT_OBSERVATION","REUNIFY_AND_ACCOUNT","REUNIFY_AND_ACCOUNT","Резервный caregiver и доступ к индивидуальному плану","INDEX_ONLY_NOT_REVIEWED","GOV|MED-NCD|SAFE|PET|LEG","HEALTHCARE|AUTHORIZED_CAREGIVER|MEETUP","TBD","TBD","TBD","CHILD|DEPENDENT_CARE","N1_TO_N7","E0_E4","HEALTH_SOCIAL_LEGAL","NOT_REVIEWED","INDEX_ONLY","YES","NOT_STARTED","","Резервный caregiver и доступ к индивидуальному плану","TBD","TBD","NOT_LINKED","0.3","RECURRENT_OVER_LIFECYCLE","NOT_REVIEWED",""
"SOC-DEATH","SOC","Смерть утрата и последующие процедуры","HOUSEHOLD_TO_MULTI","PROFESSIONAL_CONFIRMATION_OR_EVENT","OFFICIAL_DIRECTION","OFFICIAL_DIRECTION","Не импровизировать юридические или медицинские процедуры","INDEX_ONLY_NOT_REVIEWED","DEAD|DOC|LEG|MED-MH|REC","HEALTHCARE|POLICE|ADMIN","TBD","TBD","TBD","","N1_TO_N7","E0_E4","HEALTH_POLICE_MUNICIPAL_LEGAL","NOT_REVIEWED","INDEX_ONLY","YES","NOT_STARTED","","Не импровизировать юридические или медицинские процедуры","TBD","TBD","NOT_LINKED","0.3","RECURRENT_OVER_LIFECYCLE","NOT_REVIEWED",""
"SOC-INSURANCE","SOC","Страховой ущерб и восстановление имущества","HOUSEHOLD","LOSS_EVENT","PRESERVE_EVIDENCE_AND_RECOVER","PRESERVE_EVIDENCE_AND_RECOVER","Безопасность выше фото ущерба","INDEX_ONLY_NOT_REVIEWED","REC|DOC|FIN|LEG","INSURER|ADMIN|SAFE_SITE","TBD","TBD","TBD","","N1_TO_N7","E0_E4","INSURER_GOV_LEGAL","NOT_REVIEWED","INDEX_ONLY","YES","NOT_STARTED","","Безопасность выше фото ущерба","TBD","TBD","NOT_LINKED","0.3","RECURRENT_OVER_LIFECYCLE","NOT_REVIEWED",""
"SOC-ISOLATION","SOC","Длительная изоляция горе или разрушение распорядка","PERSON_TO_GROUP","DURATION_OR_SYMPTOM","OFFICIAL_DIRECTION","OFFICIAL_DIRECTION","Суицидальный риск имеет отдельный срочный маршрут","INDEX_ONLY_NOT_REVIEWED","MED-MH|COMM|EDU|SAFE","HEALTHCARE|COMMUNITY|SAFE_SPACE","TBD","TBD","TBD","ALONE","N1_TO_N7","E0_E4","HEALTH_SOCIAL_COMMUNITY","NOT_REVIEWED","INDEX_ONLY","YES","NOT_STARTED","","Суицидальный риск имеет отдельный срочный маршрут","TBD","TBD","NOT_LINKED","0.3","RECURRENT_OVER_LIFECYCLE","NOT_REVIEWED",""
"ENV-SOIL-WATER","ENV","Длительное загрязнение почвы грунтовой воды или урожая","LOCAL_TO_REGIONAL","OFFICIAL_FINDING_OR_TEST","ISOLATE_AND_LOCKOUT","ISOLATE_AND_LOCKOUT","Бытовой тест не заменяет профильную лабораторию","INDEX_ONLY_NOT_REVIEWED","WAT|AGR|FOOD|LEG|INFO","CONTAMINATION|WATER_RESOURCE|LAND_USE","TBD","TBD","TBD","","N1_TO_N7","E4","APA_DGS_AGRICULTURE_LAB","NOT_REVIEWED","INDEX_ONLY","YES","NOT_STARTED","","Бытовой тест не заменяет профильную лабораторию","TBD","TBD","NOT_LINKED","0.3","TREND_OR_STATE","NOT_REVIEWED",""
"ENV-CROP","ENV","Неурожай вредители или болезнь растений","HOUSEHOLD_TO_REGIONAL","OBSERVATION_OR_OFFICIAL_ALERT","OFFICIAL_DIRECTION","OFFICIAL_DIRECTION","Не использовать запрещённые средства","INDEX_ONLY_NOT_REVIEWED","AGR|FOOD|PRES|FIN","LAND_USE|WATER|SUPPLY","TBD","TBD","TBD","","N1_TO_N7","E4","AGRICULTURE_AUTHORITY_EXTENSION","NOT_REVIEWED","INDEX_ONLY","YES","NOT_STARTED","","Не использовать запрещённые средства","TBD","TBD","NOT_LINKED","0.3","TREND_OR_STATE","NOT_REVIEWED",""
"ENV-ANIMAL","ENV","Болезнь или гибель животных","HOUSEHOLD_TO_REGIONAL","SYMPTOM_OR_OFFICIAL_ALERT","OFFICIAL_DIRECTION","OFFICIAL_DIRECTION","Ветеринарный и человеческий контуры разделены","INDEX_ONLY_NOT_REVIEWED","PET|FOOD|PPE|SAN","VET|QUARANTINE|SUPPLY","TBD","TBD","TBD","PET|LIVESTOCK","N1_TO_N7","E0_E4","VETERINARY_AGRICULTURE_AUTHORITY","NOT_REVIEWED","INDEX_ONLY","YES","NOT_STARTED","","Ветеринарный и человеческий контуры разделены","TBD","TBD","NOT_LINKED","0.3","RECURRENT_OVER_LIFECYCLE","NOT_REVIEWED",""
"ENV-RESOURCE","ENV","Истощение топлива материалов запчастей или расходников","HOUSEHOLD_TO_SYSTEMIC","INVENTORY_TREND","PRESERVE_EVIDENCE_AND_RECOVER","PRESERVE_EVIDENCE_AND_RECOVER","Переход к ремонту стандартизации и обмену","INDEX_ONLY_NOT_REVIEWED","TOOL|ENE|FIN|COMM|AGR","SUPPLY|REPAIR|ALTERNATE_REGION","TBD","TBD","TBD","","N1_TO_N7","E3_E4","SECTOR_AUTHORITIES_MANUFACTURERS","NOT_REVIEWED","INDEX_ONLY","YES","NOT_STARTED","","Переход к ремонту стандартизации и обмену","TBD","TBD","NOT_LINKED","0.3","TREND_OR_STATE","NOT_REVIEWED",""
"ENV-KNOWLEDGE","ENV","Потеря навыка инструкции формата или совместимости архива","HOUSEHOLD_TO_GENERATIONAL","REVIEW_OR_FAILURE","PRESERVE_EVIDENCE_AND_RECOVER","PRESERVE_EVIDENCE_AND_RECOVER","Миграция форматов и обучение следующего","INDEX_ONLY_NOT_REVIEWED","INFO|EDU|CYB|TOOL","ARCHIVE|TRAINING|SERVICE","TBD","TBD","TBD","","N1_TO_N7","E4","PRIMARY_PUBLISHER_STANDARDS_BODY","NOT_REVIEWED","INDEX_ONLY","YES","NOT_STARTED","","Миграция форматов и обучение следующего","TBD","TBD","NOT_LINKED","0.3","CAPABILITY_CONTINUITY","NOT_REVIEWED",""
"ENV-CLIMATE","ENV","Долгосрочное изменение климата и локальной пригодности жилья","LOCAL_TO_LONG_TERM","TREND_AND_OFFICIAL_ASSESSMENT","OFFICIAL_DIRECTION","OFFICIAL_DIRECTION","Адаптация по измеренным локальным рискам","INDEX_ONLY_NOT_REVIEWED","SHEL|WAT|AGR|FIN|LEG","CLIMATE|WATER|FIRE|COAST|HEAT","TBD","TBD","TBD","","N1_TO_N7","E4","IPMA_APA_MUNICIPAL_EU","NOT_REVIEWED","INDEX_ONLY","YES","NOT_STARTED","","Адаптация по измеренным локальным рискам","TBD","TBD","NOT_LINKED","0.3","TREND_OR_STATE","NOT_REVIEWED",""
"OPS-ALONE","OPS","Одиночный участник не выходит на связь","PERSON","MISSED_CHECKIN","REUNIFY_AND_ACCOUNT","REUNIFY_AND_ACCOUNT","Заранее заданная лестница эскалации","INDEX_ONLY_NOT_REVIEWED","COM|GOV|SAFE|MED-ILL","LAST_KNOWN|ROUTE|EXTERNAL_CONTACT","TBD","TBD","TBD","","N1","E0_E4","HOUSEHOLD_POLICE_MEDICAL_AS_APPLICABLE","NOT_REVIEWED","INDEX_ONLY","YES","NOT_STARTED","","Заранее заданная лестница эскалации","TBD","TBD","NOT_LINKED","0.3","RECURRENT_OVER_LIFECYCLE","NOT_REVIEWED",""
"OPS-KEY-PERSON","OPS","Координатор водитель caregiver или навигатор недоступен","GROUP","ROLE_FAILURE","REUNIFY_AND_ACCOUNT","REUNIFY_AND_ACCOUNT","Succession или minimal safe mode","INDEX_ONLY_NOT_REVIEWED","GOV|TRANS|MED-NCD|NAV","MEETUP|EVAC_ROUTE|EXTERNAL_HELP","TBD","TBD","TBD","","N2_TO_N7","E0_E4","ROLE_SPECIFIC_AUTHORITY","NOT_REVIEWED","INDEX_ONLY","YES","NOT_STARTED","","Succession или minimal safe mode","TBD","TBD","NOT_LINKED","0.3","RECURRENT_OVER_LIFECYCLE","NOT_REVIEWED",""
"OPS-SEPARATION","OPS","Группа разделилась или потеряла участника","GROUP","ACCOUNTABILITY_FAILURE","REUNIFY_AND_ACCOUNT","REUNIFY_AND_ACCOUNT","Не искать в опасной зоне без служб","INDEX_ONLY_NOT_REVIEWED","GOV|COM|NAV|SAFE","MEETUP|LAST_KNOWN|ROUTE","TBD","TBD","TBD","CHILD","N2_TO_N7","E0_E4","POLICE_112_AS_APPLICABLE","NOT_REVIEWED","INDEX_ONLY","YES","NOT_STARTED","","Не искать в опасной зоне без служб","TBD","TBD","NOT_LINKED","0.3","RECURRENT_OVER_LIFECYCLE","NOT_REVIEWED",""
"OPS-KIT-LOSS","OPS","Потерян украден или недоступен критический комплект","PERSON_OR_GROUP","DIRECT_OBSERVATION","PRESERVE_EVIDENCE_AND_RECOVER","PRESERVE_EVIDENCE_AND_RECOVER","Критические функции распределяются по разным failure domains","INDEX_ONLY_NOT_REVIEWED","GOV|TRANS|DOC|MED-NCD|COM","CACHE|SUPPLY|ADMIN","TBD","TBD","TBD","","N1_TO_N7","E0_E4","HOUSEHOLD_PROVIDER_POLICE_AS_APPLICABLE","NOT_REVIEWED","INDEX_ONLY","YES","NOT_STARTED","","Критические функции распределяются по разным failure domains","TBD","TBD","NOT_LINKED","0.3","RECURRENT_OVER_LIFECYCLE","NOT_REVIEWED",""
"OPS-DEVICE-FAIL","OPS","Не работает фильтр энергия связь транспорт или иное критическое устройство","HOUSEHOLD_OR_GROUP","TEST_OR_RUNTIME_FAILURE","ISOLATE_AND_LOCKOUT","ISOLATE_AND_LOCKOUT","Использовать независимый fallback а не опасный ремонт","INDEX_ONLY_NOT_REVIEWED","WAT|ENE|COM|TRANS|TOOL","REPAIR|SUPPLY|ALTERNATE_ROUTE","TBD","TBD","TBD","","N1_TO_N7","E0_E4","MANUFACTURER_SERVICE_AUTHORITY","NOT_REVIEWED","INDEX_ONLY","YES","NOT_STARTED","","Использовать независимый fallback а не опасный ремонт","TBD","TBD","NOT_LINKED","0.3","RECURRENT_OVER_LIFECYCLE","NOT_REVIEWED",""
"OPS-STALE-INFO","OPS","Инструкция карта источник или контакт устарели или противоречат","HOUSEHOLD_OR_GROUP","REVIEW_OR_CONFLICT","OFFICIAL_DIRECTION","OFFICIAL_DIRECTION","Fail closed для опасных действий","INDEX_ONLY_NOT_REVIEWED","INFO|GOV|NAV|COM","OFFICIAL_SOURCE|CURRENT_ZONE","TBD","TBD","TBD","","N1_TO_N7","E0_E4","PRIMARY_CURRENT_AUTHORITY","NOT_REVIEWED","INDEX_ONLY","YES","NOT_STARTED","","Fail closed для опасных действий","TBD","TBD","NOT_LINKED","0.3","RECURRENT_OVER_LIFECYCLE","NOT_REVIEWED",""
"OPS-FATIGUE","OPS","Усталость паника или конфликт нарушают способность группы","GROUP","OBSERVED_PERFORMANCE_DECLINE","REUNIFY_AND_ACCOUNT","REUNIFY_AND_ACCOUNT","Передать роль и включить минимально безопасный режим","INDEX_ONLY_NOT_REVIEWED","GOV|MED-MH|SAFE|SHEL","REST_SITE|EXTERNAL_HELP","TBD","TBD","TBD","","N1_TO_N7","E0_E4","HEALTH_SOCIAL_AS_APPLICABLE","NOT_REVIEWED","INDEX_ONLY","YES","NOT_STARTED","","Передать роль и включить минимально безопасный режим","TBD","TBD","NOT_LINKED","0.3","RECURRENT_OVER_LIFECYCLE","NOT_REVIEWED",""
"GEN-SUCCESSION-FAIL","GEN","Срыв передачи критической роли полномочия или доступа","INSTITUTION","SUCCESSION_TRIGGER_OR_OWNER_LOSS","PRESERVE_EVIDENCE_AND_RECOVER","PRESERVE_EVIDENCE_AND_RECOVER","Переход не активен без согласия права и handoff-test","INDEX_ONLY_NOT_REVIEWED","GOV|INFO|DOC|LEG","ARCHIVE|REGISTRY|EXTERNAL_OVERSIGHT","TBD","TBD","TBD","","N1_TO_N7","E5","PRIMARY_LAW_AUTHORITY_STANDARDS_PROFESSIONAL_REVIEW","NOT_REVIEWED","INDEX_ONLY","YES","NOT_STARTED","","Переход не активен без согласия права и handoff-test","TBD","TBD","NOT_LINKED","0.3","TREND_OR_STATE","ARCHITECTURE_ONLY","16_CENTURY_CONTINUITY_RU.md|18_E5_REGISTERS_AND_GATES_RU.md"
"GEN-GOV-CAPTURE","GEN","Захват управления или постоянное чрезвычайное полномочие","INSTITUTION","AUTHORITY_ABUSE_OR_EXPIRY_BYPASS","DISCREET_SAFETY","DISCREET_SAFETY","Безопасность и закон выше внутреннего приказа","INDEX_ONLY_NOT_REVIEWED","GOV|SAFE|LEG|COMM","EXTERNAL_OVERSIGHT|SAFE_CONTACT","TBD","TBD","TBD","","N1_TO_N7","E5","PRIMARY_LAW_AUTHORITY_STANDARDS_PROFESSIONAL_REVIEW","NOT_REVIEWED","INDEX_ONLY","YES","NOT_STARTED","","Безопасность и закон выше внутреннего приказа","TBD","TBD","NOT_LINKED","0.3","TREND_OR_STATE","ARCHITECTURE_ONLY","16_CENTURY_CONTINUITY_RU.md|18_E5_REGISTERS_AND_GATES_RU.md"
"GEN-GOV-INCAPACITY","GEN","Недееспособность или отсутствие органа управления","INSTITUTION","QUORUM_OR_AUTHORITY_LOSS","ASSESS_DEPENDENCIES","ASSESS_DEPENDENCIES","Временная власть имеет scope и expiry","INDEX_ONLY_NOT_REVIEWED","GOV|DOC|LEG|COMM","REGISTRY|EXTERNAL_OVERSIGHT","TBD","TBD","TBD","","N1_TO_N7","E5","PRIMARY_LAW_AUTHORITY_STANDARDS_PROFESSIONAL_REVIEW","NOT_REVIEWED","INDEX_ONLY","YES","NOT_STARTED","","Временная власть имеет scope и expiry","TBD","TBD","NOT_LINKED","0.3","TREND_OR_STATE","ARCHITECTURE_ONLY","16_CENTURY_CONTINUITY_RU.md|18_E5_REGISTERS_AND_GATES_RU.md"
"GEN-INTERNAL-CONFLICT","GEN","Разрушительный внутренний конфликт и потеря сотрудничества","CELL_TO_INSTITUTION","CONFLICT_ESCALATION","DISCREET_SAFETY","DISCREET_SAFETY","Никаких offensive или coercive процедур","INDEX_ONLY_NOT_REVIEWED","SAFE|GOV|COMM|MED-MH","SAFE_CONTACT|MEDIATION","TBD","TBD","TBD","","N1_TO_N7","E5","PRIMARY_LAW_AUTHORITY_STANDARDS_PROFESSIONAL_REVIEW","NOT_REVIEWED","INDEX_ONLY","YES","NOT_STARTED","","Никаких offensive или coercive процедур","TBD","TBD","NOT_LINKED","0.3","TREND_OR_STATE","ARCHITECTURE_ONLY","16_CENTURY_CONTINUITY_RU.md|18_E5_REGISTERS_AND_GATES_RU.md"
"GEN-SAFEGUARDING-ABUSE","GEN","Насилие эксплуатация или нарушение safeguarding внутри системы","PERSON_TO_INSTITUTION","DISCLOSURE_OR_OBSERVATION","DISCREET_SAFETY","DISCREET_SAFETY","Защита пострадавшего и внешняя помощь приоритетны","INDEX_ONLY_NOT_REVIEWED","SAFE|GOV|LEG|MED","SAFE_CONTACT|AUTHORITY|EXIT","TBD","TBD","TBD","","N1_TO_N7","E5","PRIMARY_LAW_AUTHORITY_STANDARDS_PROFESSIONAL_REVIEW","NOT_REVIEWED","INDEX_ONLY","YES","NOT_STARTED","","Защита пострадавшего и внешняя помощь приоритетны","TBD","TBD","NOT_LINKED","0.3","TREND_OR_STATE","ARCHITECTURE_ONLY","16_CENTURY_CONTINUITY_RU.md|18_E5_REGISTERS_AND_GATES_RU.md"
"GEN-TENURE-DISPUTE","GEN","Спор о праве собственности пользования или границе","SITE_TO_INSTITUTION","LEGAL_NOTICE_OR_CONFLICT","PRESERVE_EVIDENCE_AND_RECOVER","PRESERVE_EVIDENCE_AND_RECOVER","Не применять силу и не считать внутреннюю запись титулом","INDEX_ONLY_NOT_REVIEWED","LEG|DOC|GOV|SHEL","REGISTRY|CADASTRE|LEGAL_SERVICE","TBD","TBD","TBD","","N1_TO_N7","E5","PRIMARY_LAW_AUTHORITY_STANDARDS_PROFESSIONAL_REVIEW","NOT_REVIEWED","INDEX_ONLY","YES","NOT_STARTED","","Не применять силу и не считать внутреннюю запись титулом","TBD","TBD","NOT_LINKED","0.3","TREND_OR_STATE","ARCHITECTURE_ONLY","16_CENTURY_CONTINUITY_RU.md|18_E5_REGISTERS_AND_GATES_RU.md"
"GEN-INHERITANCE-FRAGMENTATION","GEN","Фрагментация актива или прав при наследовании","INSTITUTION","SUCCESSION_EVENT","PRESERVE_EVIDENCE_AND_RECOVER","PRESERVE_EVIDENCE_AND_RECOVER","Нужен jurisdiction-specific legal review","INDEX_ONLY_NOT_REVIEWED","LEG|DOC|GOV|FIN","REGISTRY|LEGAL_SERVICE","TBD","TBD","TBD","","N1_TO_N7","E5","PRIMARY_LAW_AUTHORITY_STANDARDS_PROFESSIONAL_REVIEW","NOT_REVIEWED","INDEX_ONLY","YES","NOT_STARTED","","Нужен jurisdiction-specific legal review","TBD","TBD","NOT_LINKED","0.3","TREND_OR_STATE","ARCHITECTURE_ONLY","16_CENTURY_CONTINUITY_RU.md|18_E5_REGISTERS_AND_GATES_RU.md"
"GEN-WATER-RIGHT-LOSS","GEN","Утрата или ограничение законного доступа к воде","SITE_TO_REGIONAL","PERMIT_NOTICE_OR_ACCESS_LOSS","OFFICIAL_DIRECTION","OFFICIAL_DIRECTION","Ownership of land не создаёт water right","INDEX_ONLY_NOT_REVIEWED","WAT|LEG|AGR|FOOD|REC","WATER_AUTHORITY|ALTERNATE_SOURCE","TBD","TBD","TBD","","N1_TO_N7","E5","PRIMARY_LAW_AUTHORITY_STANDARDS_PROFESSIONAL_REVIEW","NOT_REVIEWED","INDEX_ONLY","YES","NOT_STARTED","","Ownership of land не создаёт water right","TBD","TBD","NOT_LINKED","0.3","TREND_OR_STATE","ARCHITECTURE_ONLY","16_CENTURY_CONTINUITY_RU.md|18_E5_REGISTERS_AND_GATES_RU.md"
"GEN-SEED-LINE-LOSS","GEN","Потеря жизнеспособности происхождения или права на семенную линию","SITE_TO_NETWORK","GERMINATION_FAILURE_OR_PROVENANCE_LOSS","PRESERVE_EVIDENCE_AND_RECOVER","PRESERVE_EVIDENCE_AND_RECOVER","Не распространять болезнь или материал с неясными правами","INDEX_ONLY_NOT_REVIEWED","AGR|FOOD|INFO|LEG","GENEBANK|SUPPLIER|SAFETY_DUPLICATE","TBD","TBD","TBD","","N1_TO_N7","E5","PRIMARY_LAW_AUTHORITY_STANDARDS_PROFESSIONAL_REVIEW","NOT_REVIEWED","INDEX_ONLY","YES","NOT_STARTED","","Не распространять болезнь или материал с неясными правами","TBD","TBD","NOT_LINKED","0.3","TREND_OR_STATE","ARCHITECTURE_ONLY","16_CENTURY_CONTINUITY_RU.md|18_E5_REGISTERS_AND_GATES_RU.md"
"GEN-SKILL-LINE-BREAK","GEN","Потеря критической компетенции и линии обучения","CELL_TO_INSTITUTION","HOLDER_LOSS_OR_ASSESSMENT_FAILURE","ASSESS_DEPENDENCIES","ASSESS_DEPENDENCIES","Снизить scope до minimal-safe-mode","INDEX_ONLY_NOT_REVIEWED","EDU|TOOL|INFO|COMM","TRAINING|EXTERNAL_SPECIALIST","TBD","TBD","TBD","","N1_TO_N7","E5","PRIMARY_LAW_AUTHORITY_STANDARDS_PROFESSIONAL_REVIEW","NOT_REVIEWED","INDEX_ONLY","YES","NOT_STARTED","","Снизить scope до minimal-safe-mode","TBD","TBD","NOT_LINKED","0.3","TREND_OR_STATE","ARCHITECTURE_ONLY","16_CENTURY_CONTINUITY_RU.md|18_E5_REGISTERS_AND_GATES_RU.md"
"GEN-CARE-CAPACITY-COLLAPSE","GEN","Спрос на уход превышает доказанную capacity","CELL_TO_INSTITUTION","CARE_GAP","ASSESS_DEPENDENCIES","ASSESS_DEPENDENCIES","Нельзя скрывать дефицит за принуждением caregiver","INDEX_ONLY_NOT_REVIEWED","MED|MED-MH|GOV|COMM|SHEL","HEALTH_SERVICE|SOCIAL_SERVICE|ACCESSIBLE_SITE","TBD","TBD","TBD","","N1_TO_N7","E5","PRIMARY_LAW_AUTHORITY_STANDARDS_PROFESSIONAL_REVIEW","NOT_REVIEWED","INDEX_ONLY","YES","NOT_STARTED","","Нельзя скрывать дефицит за принуждением caregiver","TBD","TBD","NOT_LINKED","0.3","TREND_OR_STATE","ARCHITECTURE_ONLY","16_CENTURY_CONTINUITY_RU.md|18_E5_REGISTERS_AND_GATES_RU.md"
"GEN-INSTITUTION-DISSOLUTION","GEN","Прекращение или распад stewardship-института","INSTITUTION","DISSOLUTION_TRIGGER","PRESERVE_EVIDENCE_AND_RECOVER","PRESERVE_EVIDENCE_AND_RECOVER","Активы и records передаются по lawful rule","INDEX_ONLY_NOT_REVIEWED","GOV|LEG|DOC|FIN|INFO","LEGAL_SERVICE|SUCCESSOR_INSTITUTION","TBD","TBD","TBD","","N1_TO_N7","E5","PRIMARY_LAW_AUTHORITY_STANDARDS_PROFESSIONAL_REVIEW","NOT_REVIEWED","INDEX_ONLY","YES","NOT_STARTED","","Активы и records передаются по lawful rule","TBD","TBD","NOT_LINKED","0.3","TREND_OR_STATE","ARCHITECTURE_ONLY","16_CENTURY_CONTINUITY_RU.md|18_E5_REGISTERS_AND_GATES_RU.md"
"GEN-ARCHIVE-CUSTODIAN-LOSS","GEN","Потеря хранителя ключей прав или каталога","INSTITUTION","CUSTODIAN_LOSS","PRESERVE_EVIDENCE_AND_RECOVER","PRESERVE_EVIDENCE_AND_RECOVER","Не раскрывать secrets без законного succession","INDEX_ONLY_NOT_REVIEWED","INFO|CYB|DOC|GOV","OFFSITE_COPY|EXTERNAL_CUSTODIAN","TBD","TBD","TBD","","N1_TO_N7","E5","PRIMARY_LAW_AUTHORITY_STANDARDS_PROFESSIONAL_REVIEW","NOT_REVIEWED","INDEX_ONLY","YES","NOT_STARTED","","Не раскрывать secrets без законного succession","TBD","TBD","NOT_LINKED","0.3","TREND_OR_STATE","ARCHITECTURE_ONLY","16_CENTURY_CONTINUITY_RU.md|18_E5_REGISTERS_AND_GATES_RU.md"
"GEN-TECHNOLOGY-UNREADABLE","GEN","Формат носитель или среда выполнения стали нечитаемыми","INSTITUTION","READ_OR_FORMAT_FAILURE","PRESERVE_EVIDENCE_AND_RECOVER","PRESERVE_EVIDENCE_AND_RECOVER","Original сохраняется; migration проверяется","INDEX_ONLY_NOT_REVIEWED","INFO|CYB|TOOL|ENE","READER|MIGRATION|EMULATION","TBD","TBD","TBD","","N1_TO_N7","E5","PRIMARY_LAW_AUTHORITY_STANDARDS_PROFESSIONAL_REVIEW","NOT_REVIEWED","INDEX_ONLY","YES","NOT_STARTED","","Original сохраняется; migration проверяется","TBD","TBD","NOT_LINKED","0.3","TREND_OR_STATE","ARCHITECTURE_ONLY","16_CENTURY_CONTINUITY_RU.md|18_E5_REGISTERS_AND_GATES_RU.md"
"GEN-SITE-UNINHABITABLE","GEN","Площадка стала длительно непригодной","SITE_TO_REGIONAL","SAFETY_OR_LEGAL_THRESHOLD","SHELTER_OR_EVACUATE_PER_OFFICIAL_DIRECTION","SHELTER_OR_EVACUATE_PER_OFFICIAL_DIRECTION","Жизнь и закон выше sunk cost","INDEX_ONLY_NOT_REVIEWED","SHEL|REC|NAV|TRANS|LEG","ALTERNATE_SITE|ROUTE|AUTHORITY","TBD","TBD","TBD","","N1_TO_N7","E5","PRIMARY_LAW_AUTHORITY_STANDARDS_PROFESSIONAL_REVIEW","NOT_REVIEWED","INDEX_ONLY","YES","NOT_STARTED","","Жизнь и закон выше sunk cost","TBD","TBD","NOT_LINKED","0.3","TREND_OR_STATE","ARCHITECTURE_ONLY","16_CENTURY_CONTINUITY_RU.md|18_E5_REGISTERS_AND_GATES_RU.md"
"GEN-RELOCATION-DELAY","GEN","Опасная задержка заранее обоснованного переезда","CELL_TO_INSTITUTION","RETREAT_TRIGGER_MET_BUT_NOT_EXECUTED","ASSESS_DEPENDENCIES","ASSESS_DEPENDENCIES","Не ждать необратимого отказа при выполненном trigger","INDEX_ONLY_NOT_REVIEWED","REC|GOV|NAV|TRANS|DOC","ALTERNATE_SITE|LEGAL_SERVICE","TBD","TBD","TBD","","N1_TO_N7","E5","PRIMARY_LAW_AUTHORITY_STANDARDS_PROFESSIONAL_REVIEW","NOT_REVIEWED","INDEX_ONLY","YES","NOT_STARTED","","Не ждать необратимого отказа при выполненном trigger","TBD","TBD","NOT_LINKED","0.3","TREND_OR_STATE","ARCHITECTURE_ONLY","16_CENTURY_CONTINUITY_RU.md|18_E5_REGISTERS_AND_GATES_RU.md"
